{"stats":{"minecraft:custom":{"minecraft:mob_kills":10,"minecraft:animals_bred":1,"minecraft:interact_with_crafting_table":4,"minecraft:leave_game":1,"minecraft:time_since_death":12955,"minecraft:sleep_in_bed":1,"minecraft:time_since_rest":11639,"minecraft:sprint_one_cm":134778,"minecraft:damage_taken":1867,"minecraft:walk_one_cm":146868,"minecraft:drop":9,"minecraft:damage_dealt":1338,"minecraft:talked_to_villager":4,"minecraft:fly_one_cm":237033,"minecraft:open_chest":21,"minecraft:crouch_one_cm":3589,"minecraft:play_time":46049,"minecraft:deaths":3,"minecraft:sneak_time":1074,"minecraft:jump":862,"minecraft:total_world_time":46049,"minecraft:fall_one_cm":39682,"minecraft:horse_one_cm":53386},"minecraft:mined":{"minecraft:acacia_leaves":2,"minecraft:crafting_table":2,"minecraft:acacia_log":7,"minecraft:poppy":1,"minecraft:melon":11,"minecraft:campfire":4,"minecraft:tall_grass":2,"minecraft:hay_block":2,"minecraft:iron_ore":4,"minecraft:fire":1,"minecraft:acacia_stairs":2,"minecraft:grass":4,"minecraft:cobweb":3},"minecraft:broken":{"minecraft:wooden_axe":1},"minecraft:killed":{"born_in_chaos_v1:zombie_lumberjack":1,"born_in_chaos_v1:decrepit_skeleton":1,"minecraft:sheep":1,"born_in_chaos_v1:corpse_fly":2,"minecraft:cow":4},"minecraft:crafted":{"minecraft:crafting_table":1,"minecraft:wooden_pickaxe":1,"minecraft:bread":3,"minecraft:string":4,"minecraft:stick":4,"minecraft:iron_pickaxe":1,"minecraft:wooden_axe":1,"minecraft:chest":2,"minecraft:acacia_planks":28,"minecraft:wheat":18},"minecraft:picked_up":{"minecraft:charcoal":8,"born_in_chaos_v1:corpse_maggot":4,"minecraft:crafting_table":2,"minecraft:clock":1,"minecraft:chicken":8,"minecraft:leather_leggings":1,"minecraft:leather":2,"minecraft:potato":8,"minecraft:enchanted_book":3,"minecraft:string":3,"minecraft:bone":2,"minecraft:item_frame":2,"minecraft:iron_shovel":1,"minecraft:experience_bottle":2,"minecraft:bow":1,"minecraft:wheat_seeds":1,"minecraft:beef":6,"minecraft:iron_ingot":4,"minecraft:stone_pickaxe":1,"minecraft:poppy":1,"minecraft:melon_slice":57,"minecraft:iron_sword":2,"minecraft:mangrove_log":1,"minecraft:tipped_arrow":3,"minecraft:raw_iron":4,"minecraft:acacia_log":7,"minecraft:carrot":2,"minecraft:acacia_stairs":2,"minecraft:iron_hoe":1,"minecraft:rotten_flesh":9,"minecraft:hay_block":2,"minecraft:crossbow":1,"minecraft:gold_ingot":2,"minecraft:mutton":1,"minecraft:white_wool":1},"minecraft:used":{"minecraft:golden_boots":1,"minecraft:leather_leggings":1,"minecraft:stone_pickaxe":9,"minecraft:leather_chestplate":1,"minecraft:chest":2,"minecraft:wooden_pickaxe":1,"minecraft:iron_sword":19,"minecraft:leather_boots":1,"minecraft:crafting_table":3,"minecraft:wooden_axe":38,"minecraft:bread":5,"minecraft:iron_pickaxe":5,"minecraft:leather_helmet":1,"minecraft:iron_helmet":1,"minecraft:chainmail_leggings":1},"minecraft:dropped":{"minecraft:wheat_seeds":1,"minecraft:rotten_flesh":7,"minecraft:acacia_stairs":2,"minecraft:carrot":1,"minecraft:leather_helmet":1,"minecraft:item_frame":2,"born_in_chaos_v1:corpse_maggot":4,"minecraft:leather_boots":1,"minecraft:leather_leggings":1}},"DataVersion":3465}