{"stats":{"minecraft:killed_by":{"minecraft:player":1},"minecraft:picked_up":{"minecraft:coarse_dirt":3,"minecraft:charcoal":8,"minecraft:crafting_table":2,"minecraft:chicken":8,"minecraft:clay_ball":4,"born_in_chaos_v1:seedof_chaos":2,"minecraft:leather_leggings":1,"gamma_beasts:fur":2,"minecraft:enchanted_book":3,"minecraft:chain":1,"minecraft:brewing_stand":1,"born_in_chaos_v1:black_argillite":15,"minecraft:string":4,"minecraft:raw_copper":213,"immersive_aircraft:biplane":3,"minecraft:smooth_stone_slab":2,"minecraft:item_frame":2,"create:scorchia":35,"minecraft:iron_shovel":1,"minecraft:experience_bottle":2,"minecraft:gold_nugget":12,"minecraft:beef":15,"minecraft:rose_bush":1,"born_in_chaos_v1:gnawed_bones":2,"minecraft:poppy":1,"minecraft:iron_pickaxe":1,"minecraft:coal_block":10,"minecraft:melon_slice":57,"minecraft:sugar_cane":3,"gamma_beasts:prehnite_sword":2,"minecraft:mangrove_log":1,"minecraft:furnace":1,"minecraft:egg":1,"minecraft:tipped_arrow":3,"minecraft:stick":4,"minecraft:raw_iron":52,"minecraft:big_dripleaf":6,"minecraft:acacia_log":7,"born_in_chaos_v1:pileof_dark_metal":1,"born_in_chaos_v1:pieceofdarkmetal":3,"minecraft:carrot":2,"minecraft:arrow":1,"minecraft:rotten_flesh":31,"minecraft:hay_block":2,"gamma_beasts:coal_nugget":6,"born_in_chaos_v1:spiny_shell":4,"minecraft:saddle":1,"minecraft:gold_ingot":2,"minecraft:mutton":1,"minecraft:white_wool":1,"minecraft:cobblestone":35,"born_in_chaos_v1:corpse_maggot":11,"minecraft:magma_block":319,"minecraft:clock":1,"minecraft:lilac":1,"minecraft:andesite":2,"minecraft:leather":10,"immersive_aircraft:warship":2,"minecraft:smoker":1,"gamma_beasts:prehnite":15,"minecraft:potato":8,"minecraft:crimson_fungus":1,"create:raw_zinc":17,"minecraft:oak_log":22,"minecraft:gunpowder":3,"minecraft:lapis_lazuli":49,"skilltree:gem":11,"minecraft:dirt":72,"minecraft:bone":22,"minecraft:stone_bricks":3,"minecraft:bow":2,"minecraft:wheat_seeds":8,"botania:gray_mushroom":1,"minecraft:iron_ingot":6,"minecraft:stone_pickaxe":1,"minecraft:glowstone_dust":3,"minecraft:iron_sword":3,"minecraft:soul_sand":1,"man_of_many_planes:economy_plane":1,"botania:red_mystical_flower":1,"born_in_chaos_v1:ethereal_spirit":3,"minecraft:quartz":34,"minecraft:diamond_block":1,"minecraft:acacia_stairs":2,"minecraft:mossy_cobblestone":1,"minecraft:iron_hoe":1,"born_in_chaos_v1:fire_dust":1,"minecraft:diamond":3,"minecraft:deepslate":3,"minecraft:crossbow":1,"minecraft:golden_horse_armor":1,"minecraft:bread":2,"minecraft:oak_sapling":5,"born_in_chaos_v1:rotten_fish":2,"minecraft:netherrack":225,"minecraft:coal":78,"minecraft:crimson_roots":8},"minecraft:dropped":{"minecraft:bread":2,"minecraft:iron_sword":1,"minecraft:soul_sand":1,"botania:gray_mushroom":1,"minecraft:wheat_seeds":4,"botania:red_mystical_flower":1,"minecraft:diamond":2,"minecraft:cobblestone":7,"minecraft:leather":6,"minecraft:leather_helmet":1,"minecraft:item_frame":2,"born_in_chaos_v1:gnawed_bones":2,"minecraft:mutton":1,"minecraft:iron_pickaxe":1,"minecraft:string":4,"minecraft:rotten_flesh":7,"minecraft:acacia_stairs":2,"minecraft:carrot":1,"gamma_beasts:prehnite_sword":2,"minecraft:big_dripleaf":6,"minecraft:gunpowder":1,"minecraft:andesite":2,"born_in_chaos_v1:corpse_maggot":4,"minecraft:leather_boots":1,"minecraft:leather_leggings":1,"gamma_beasts:fur":1},"minecraft:custom":{"minecraft:interact_with_smithing_table":6,"minecraft:mob_kills":63,"minecraft:animals_bred":1,"minecraft:interact_with_crafting_table":40,"minecraft:damage_dealt_resisted":507,"minecraft:eat_cake_slice":2,"minecraft:leave_game":8,"minecraft:time_since_death":20097,"minecraft:climb_one_cm":513,"minecraft:sprint_one_cm":400083,"minecraft:walk_one_cm":614828,"minecraft:drop":31,"minecraft:talked_to_villager":6,"minecraft:play_time":276470,"minecraft:sneak_time":3513,"minecraft:deaths":10,"minecraft:walk_under_water_one_cm":13639,"minecraft:jump":2895,"minecraft:walk_on_water_one_cm":18452,"minecraft:enchant_item":1,"minecraft:total_world_time":276470,"minecraft:interact_with_furnace":15,"minecraft:sleep_in_bed":4,"minecraft:time_since_rest":20132,"minecraft:damage_taken":5011,"minecraft:damage_dealt":11508,"minecraft:swim_one_cm":5686,"minecraft:fly_one_cm":580773,"minecraft:open_chest":49,"minecraft:crouch_one_cm":9205,"minecraft:fall_one_cm":104369,"minecraft:horse_one_cm":78699},"minecraft:crafted":{"immersive_aircraft:engine":1,"minecraft:oak_planks":44,"minecraft:smooth_stone":3,"minecraft:redstone":9,"immersive_aircraft:sail":1,"man_of_many_planes:economy_plane":1,"minecraft:furnace":2,"minecraft:blast_furnace":1,"immersive_aircraft:biplane":1,"minecraft:piston":1,"minecraft:stone":3,"minecraft:white_carpet":6,"gamma_beasts:prehnite_armor_chestplate":1,"gamma_beasts:prehnite_sword":1,"immersive_aircraft:hull":1,"minecraft:chest":3,"minecraft:wheat":18,"immersive_aircraft:airship":1,"sophisticatedbackpacks:backpack":1,"immersive_aircraft:cargo_airship":1,"immersive_aircraft:warship":1,"immersive_aircraft:boiler":1,"minecraft:crafting_table":2,"minecraft:wooden_pickaxe":1,"minecraft:oak_wood":15,"immersive_aircraft:propeller":2,"minecraft:air":0,"minecraft:bread":3,"minecraft:string":4,"minecraft:white_wool":1,"immersive_aircraft:gyrodyne":1,"gamma_beasts:prehnite_armor_leggings":1,"minecraft:stick":12,"minecraft:iron_ingot":89,"minecraft:iron_pickaxe":1,"minecraft:wooden_axe":1,"minecraft:acacia_planks":28,"minecraft:torch":4,"minecraft:firework_rocket":3},"minecraft:killed":{"born_in_chaos_v1:restless_spirit":2,"born_in_chaos_v1:zombie_lumberjack":3,"minecraft:spider":1,"born_in_chaos_v1:firelight":2,"born_in_chaos_v1:maggot":5,"minecraft:skeleton":3,"born_in_chaos_v1:skeleton_thrasher":1,"born_in_chaos_v1:corpse_fish":3,"gamma_beasts:diamond_golem_c":1,"born_in_chaos_v1:fallen_chaos_knight":1,"born_in_chaos_v1:decrepit_skeleton":6,"minecraft:sheep":1,"minecraft:zombie":13,"born_in_chaos_v1:dread_hound":2,"born_in_chaos_v1:corpse_fly":4,"born_in_chaos_v1:nightmare_stalker":1,"minecraft:cow":9},"minecraft:mined":{"create:zinc_ore":18,"minecraft:nether_gold_ore":4,"minecraft:deepslate_diamond_ore":1,"minecraft:brewing_stand":1,"minecraft:acacia_log":7,"minecraft:grass_block":20,"born_in_chaos_v1:black_argillite":16,"minecraft:crimson_roots":5,"minecraft:coal_block":6,"minecraft:crimson_fungus":1,"minecraft:hay_block":2,"minecraft:weeping_vines_plant":1,"minecraft:magma_block":365,"minecraft:glowstone":1,"minecraft:furnace":1,"minecraft:iron_ore":26,"minecraft:fire":2,"gamma_beasts:prehnite_ore":15,"minecraft:acacia_stairs":2,"create:scorchia":35,"minecraft:andesite":27,"minecraft:big_dripleaf_stem":1,"minecraft:deepslate_iron_ore":19,"minecraft:azalea":1,"minecraft:stone":29,"minecraft:acacia_leaves":2,"minecraft:flowering_azalea":1,"minecraft:soul_sand":1,"minecraft:crimson_nylium":35,"minecraft:smoker":1,"minecraft:clay":1,"minecraft:crafting_table":2,"minecraft:poppy":1,"minecraft:melon":11,"botania:purple_double_flower":1,"minecraft:rose_bush":1,"minecraft:campfire":4,"minecraft:nether_quartz_ore":34,"minecraft:copper_ore":63,"minecraft:tall_grass":9,"minecraft:lapis_ore":8,"minecraft:sugar_cane":1,"minecraft:big_dripleaf":1,"minecraft:coarse_dirt":3,"minecraft:smooth_stone_slab":1,"minecraft:grass":20,"minecraft:oak_log":21,"minecraft:coal_ore":23,"minecraft:acacia_fence":1,"minecraft:dirt":6,"minecraft:cobweb":3,"minecraft:stone_bricks":3,"minecraft:netherrack":203,"minecraft:oak_leaves":6},"minecraft:used":{"immersive_aircraft:airship":1,"minecraft:chest":2,"minecraft:iron_sword":284,"immersive_aircraft:warship":3,"minecraft:torch":21,"minecraft:wooden_axe":38,"minecraft:iron_helmet":1,"minecraft:furnace":2,"immersive_aircraft:biplane":3,"minecraft:golden_boots":1,"minecraft:leather_leggings":1,"minecraft:stone_pickaxe":9,"minecraft:wooden_pickaxe":1,"minecraft:leather_chestplate":1,"gamma_beasts:prehnite_sword":50,"minecraft:diamond_axe":47,"minecraft:leather_boots":1,"minecraft:crafting_table":4,"minecraft:crossbow":1,"gamma_beasts:prehnite_armor_leggings":1,"minecraft:diamond_pickaxe":741,"minecraft:bread":37,"minecraft:iron_pickaxe":219,"minecraft:leather_helmet":1,"minecraft:cobblestone":10,"immersive_aircraft:gyrodyne":1,"man_of_many_planes:economy_plane":1,"minecraft:chainmail_leggings":2},"minecraft:broken":{"minecraft:golden_boots":1,"minecraft:iron_sword":1,"minecraft:wooden_axe":1}},"DataVersion":3465}