{"stats":{"minecraft:picked_up":{"minecraft:charcoal":8,"minecraft:crafting_table":2,"minecraft:chicken":8,"minecraft:clay_ball":4,"born_in_chaos_v1:seedof_chaos":1,"minecraft:leather_leggings":1,"gamma_beasts:fur":1,"minecraft:enchanted_book":3,"minecraft:chain":1,"born_in_chaos_v1:black_argillite":15,"minecraft:string":4,"minecraft:raw_copper":192,"minecraft:item_frame":2,"minecraft:iron_shovel":1,"minecraft:experience_bottle":2,"minecraft:beef":15,"born_in_chaos_v1:gnawed_bones":2,"minecraft:poppy":1,"minecraft:iron_pickaxe":1,"minecraft:melon_slice":57,"minecraft:coal_block":6,"minecraft:mangrove_log":1,"minecraft:egg":1,"minecraft:tipped_arrow":3,"minecraft:raw_iron":45,"minecraft:big_dripleaf":6,"minecraft:acacia_log":7,"born_in_chaos_v1:pieceofdarkmetal":3,"minecraft:carrot":2,"minecraft:arrow":1,"minecraft:rotten_flesh":27,"minecraft:hay_block":2,"minecraft:saddle":1,"minecraft:gold_ingot":2,"minecraft:mutton":1,"minecraft:cobblestone":19,"minecraft:white_wool":1,"born_in_chaos_v1:corpse_maggot":7,"minecraft:clock":1,"minecraft:andesite":2,"minecraft:leather":10,"minecraft:potato":8,"gamma_beasts:prehnite":15,"create:raw_zinc":17,"minecraft:oak_log":5,"minecraft:lapis_lazuli":49,"minecraft:bone":20,"minecraft:bow":1,"minecraft:wheat_seeds":8,"botania:gray_mushroom":1,"minecraft:iron_ingot":4,"minecraft:stone_pickaxe":1,"minecraft:iron_sword":3,"botania:red_mystical_flower":1,"born_in_chaos_v1:ethereal_spirit":3,"minecraft:acacia_stairs":2,"minecraft:diamond_block":1,"minecraft:mossy_cobblestone":1,"minecraft:iron_hoe":1,"minecraft:diamond":3,"minecraft:deepslate":3,"minecraft:crossbow":1,"minecraft:golden_horse_armor":1,"minecraft:bread":2,"minecraft:coal":1},"minecraft:broken":{"minecraft:iron_sword":1,"minecraft:wooden_axe":1},"minecraft:used":{"minecraft:chest":2,"minecraft:iron_sword":284,"minecraft:torch":3,"minecraft:wooden_axe":38,"minecraft:iron_helmet":1,"minecraft:golden_boots":1,"minecraft:leather_leggings":1,"minecraft:stone_pickaxe":9,"minecraft:leather_chestplate":1,"minecraft:wooden_pickaxe":1,"gamma_beasts:prehnite_sword":7,"minecraft:leather_boots":1,"minecraft:crafting_table":3,"minecraft:crossbow":1,"minecraft:bread":26,"minecraft:iron_pickaxe":219,"minecraft:leather_helmet":1,"minecraft:cobblestone":10,"minecraft:chainmail_leggings":1},"minecraft:dropped":{"minecraft:bread":2,"minecraft:iron_sword":1,"botania:gray_mushroom":1,"minecraft:wheat_seeds":4,"botania:red_mystical_flower":1,"minecraft:diamond":2,"minecraft:cobblestone":7,"minecraft:leather":6,"minecraft:leather_helmet":1,"minecraft:item_frame":2,"born_in_chaos_v1:gnawed_bones":2,"minecraft:mutton":1,"minecraft:iron_pickaxe":1,"minecraft:string":4,"minecraft:rotten_flesh":7,"minecraft:acacia_stairs":2,"minecraft:carrot":1,"minecraft:big_dripleaf":6,"minecraft:andesite":2,"born_in_chaos_v1:corpse_maggot":4,"minecraft:leather_boots":1,"minecraft:leather_leggings":1,"gamma_beasts:fur":1},"minecraft:crafted":{"minecraft:oak_planks":16,"gamma_beasts:prehnite_sword":1,"minecraft:chest":3,"minecraft:wheat":18,"sophisticatedbackpacks:backpack":1,"minecraft:crafting_table":1,"minecraft:wooden_pickaxe":1,"minecraft:bread":3,"minecraft:string":4,"minecraft:stick":8,"minecraft:iron_pickaxe":1,"minecraft:wooden_axe":1,"minecraft:acacia_planks":28,"minecraft:torch":4},"minecraft:killed":{"born_in_chaos_v1:zombie_lumberjack":2,"born_in_chaos_v1:restless_spirit":2,"minecraft:spider":1,"born_in_chaos_v1:maggot":5,"minecraft:skeleton":3,"born_in_chaos_v1:skeleton_thrasher":1,"gamma_beasts:diamond_golem_c":1,"born_in_chaos_v1:fallen_chaos_knight":1,"born_in_chaos_v1:decrepit_skeleton":6,"minecraft:sheep":1,"minecraft:zombie":9,"born_in_chaos_v1:dread_hound":2,"born_in_chaos_v1:corpse_fly":4,"born_in_chaos_v1:nightmare_stalker":1,"minecraft:cow":9},"minecraft:mined":{"create:zinc_ore":18,"minecraft:deepslate_diamond_ore":1,"minecraft:acacia_log":7,"born_in_chaos_v1:black_argillite":16,"minecraft:coal_block":6,"minecraft:hay_block":2,"minecraft:iron_ore":26,"minecraft:fire":1,"gamma_beasts:prehnite_ore":15,"minecraft:acacia_stairs":2,"minecraft:andesite":27,"minecraft:big_dripleaf_stem":1,"minecraft:deepslate_iron_ore":19,"minecraft:azalea":1,"minecraft:stone":13,"minecraft:acacia_leaves":2,"minecraft:flowering_azalea":1,"minecraft:crafting_table":2,"minecraft:clay":1,"minecraft:poppy":1,"minecraft:melon":11,"botania:purple_double_flower":1,"minecraft:campfire":4,"minecraft:copper_ore":55,"minecraft:tall_grass":9,"minecraft:lapis_ore":8,"minecraft:big_dripleaf":1,"minecraft:grass":19,"minecraft:coal_ore":1,"minecraft:oak_log":4,"minecraft:acacia_fence":1,"minecraft:cobweb":3,"minecraft:oak_leaves":1},"minecraft:custom":{"minecraft:mob_kills":51,"minecraft:animals_bred":1,"minecraft:interact_with_crafting_table":11,"minecraft:damage_dealt_resisted":507,"minecraft:eat_cake_slice":2,"minecraft:leave_game":3,"minecraft:time_since_death":25563,"minecraft:climb_one_cm":513,"minecraft:sprint_one_cm":276434,"minecraft:walk_one_cm":398333,"minecraft:drop":27,"minecraft:talked_to_villager":4,"minecraft:play_time":134971,"minecraft:deaths":7,"minecraft:sneak_time":1732,"minecraft:walk_under_water_one_cm":7414,"minecraft:jump":1920,"minecraft:walk_on_water_one_cm":16754,"minecraft:total_world_time":134971,"minecraft:sleep_in_bed":3,"minecraft:time_since_rest":18613,"minecraft:damage_taken":3888,"minecraft:damage_dealt":9454,"minecraft:swim_one_cm":3592,"minecraft:fly_one_cm":401729,"minecraft:open_chest":28,"minecraft:crouch_one_cm":5710,"minecraft:fall_one_cm":81022,"minecraft:horse_one_cm":78699}},"DataVersion":3465}