{"stats":{"minecraft:used":{"minecraft:moss_block":1,"create:deployer":7,"create:brass_casing":4,"create:portable_storage_interface":2,"minecraft:chest":15,"minecraft:iron_sword":625,"minecraft:iron_chestplate":1,"create:mechanical_bearing":2,"immersive_aircraft:quadrocopter":4,"create:cogwheel":35,"create:mechanical_crafter":25,"create:depot":1,"minecraft:obsidian":10,"minecraft:lava_bucket":7,"minecraft:iron_helmet":1,"create:andesite_funnel":4,"minecraft:item_frame":1,"create:shaft":51,"minecraft:furnace":2,"minecraft:oak_sapling":3,"minecraft:egg":1,"immersive_aircraft:biplane":2,"gamma_beasts:coconut":1,"minecraft:chainmail_helmet":1,"minecraft:diamond_axe":331,"create:mechanical_saw":18,"gamma_beasts:cooked_meat":3,"minecraft:shears":5,"projecte:transmutation_table":1,"born_in_chaos_v1:monster_flesh":1,"minecraft:melon_slice":7,"minecraft:bread":100,"create:andesite_casing":53,"minecraft:gravel":9,"create:basin":4,"minecraft:smithing_table":1,"minecraft:medium_amethyst_bud":2,"immersive_aircraft:gyrodyne":3,"create:vertical_gearbox":5,"minecraft:bone_meal":15,"create:large_cogwheel":23,"minecraft:enchanting_table":1,"minecraft:flint_and_steel":1,"create:veridium":11,"projecte:relay_mk1":1,"minecraft:torch":12,"minecraft:dirt":382,"create:mechanical_mixer":4,"projecte:destruction_catalyst":9,"create:chute":1,"create:smart_chute":1,"minecraft:bookshelf":15,"create:wrench":268,"create:gearbox":9,"minecraft:iron_axe":5,"minecraft:iron_boots":1,"minecraft:glowstone":9,"minecraft:cobbled_deepslate":1,"create:belt_connector":21,"minecraft:iron_leggings":1,"minecraft:water_bucket":17,"create:blaze_burner":1,"minecraft:crafting_table":3,"minecraft:white_bed":5,"projecte:collector_mk2":3,"minecraft:oak_log":194,"create:linear_chassis":12,"minecraft:diamond_pickaxe":480,"minecraft:diamond_shovel":3056,"create:mechanical_press":3,"minecraft:iron_pickaxe":228,"create:large_water_wheel":8,"projecte:collector_mk1":2,"projecte:philosophers_stone":69,"minecraft:cobblestone":14,"minecraft:bucket":29,"create:hand_crank":3},"minecraft:picked_up":{"minecraft:redstone_block":2,"gamma_beasts:fur":7,"minecraft:smithing_table":1,"minecraft:lead":2,"minecraft:enchanted_book":3,"minecraft:amethyst_block":1,"minecraft:string":15,"minecraft:raw_copper":200,"minecraft:sticky_piston":2,"minecraft:experience_bottle":5,"create:andesite_funnel":2,"minecraft:cobbled_deepslate":545,"minecraft:bucket":1,"minecraft:calcite":1,"minecraft:melon_slice":7,"minecraft:coal_block":28,"minecraft:furnace":1,"minecraft:stick":31,"born_in_chaos_v1:shattered_skull":4,"botania:crafting_halo":1,"born_in_chaos_v1:phantom_powder":2,"minecraft:torch":13,"minecraft:acacia_log":5,"create:andesite_casing":7,"minecraft:spruce_stairs":1,"born_in_chaos_v1:pileof_dark_metal":1,"born_in_chaos_v1:nightmare_claw":1,"create:large_cogwheel":1,"botania:manasteel_ingot":1,"minecraft:rotten_flesh":73,"create:copper_casing":1,"minecraft:red_tulip":37,"minecraft:iron_block":1,"create:veridium":41,"minecraft:obsidian":7,"minecraft:blaze_powder":64,"minecraft:cobblestone":551,"minecraft:birch_log":18,"minecraft:andesite":4,"minecraft:jungle_log":2,"gamma_beasts:prehnite":23,"minecraft:flint":3,"create:raw_zinc":2,"born_in_chaos_v1:black_argillite_button":1,"minecraft:lapis_lazuli":91,"minecraft:dirt":2946,"minecraft:lantern":2,"botania:white_double_flower":1,"born_in_chaos_v1:monster_skin":4,"minecraft:bone":25,"minecraft:bow":1,"minecraft:orange_tulip":20,"minecraft:wheat_seeds":18,"minecraft:raw_gold":6,"projecte:philosophers_stone":1,"create:shaft":5,"minecraft:glowstone_dust":65,"minecraft:oak_planks":7,"minecraft:honeycomb":3,"botania:red_mystical_flower":1,"gamma_beasts:coconut":1,"minecraft:sand":137,"minecraft:grass_block":1,"minecraft:dark_oak_log":1,"born_in_chaos_v1:fire_dust":3,"minecraft:diamond":20,"minecraft:grass":1,"minecraft:bone_meal":1,"immersive_aircraft:quadrocopter":4,"minecraft:emerald":3,"minecraft:bread":2,"minecraft:crimson_roots":1,"minecraft:oak_sapling":73,"born_in_chaos_v1:rotten_fish":1,"minecraft:netherrack":3,"minecraft:oak_leaves":1,"minecraft:crafting_table":1,"minecraft:coarse_dirt":1,"minecraft:allium":6,"gamma_beasts:prehnite_armor_chestplate":1,"minecraft:azure_bluet":41,"born_in_chaos_v1:seedof_chaos":3,"minecraft:brown_mushroom":1,"minecraft:shield":1,"projecte:relay_mk1":1,"immersive_aircraft:biplane":2,"minecraft:item_frame":2,"minecraft:candle":4,"gamma_beasts:prehnite_armor_leggings":1,"botania:pure_daisy":1,"born_in_chaos_v1:gnawed_bones":3,"minecraft:birch_sapling":11,"minecraft:chest":7,"minecraft:egg":1,"minecraft:raw_iron":2,"minecraft:stone":1,"create:hand_crank":3,"minecraft:cookie":1,"born_in_chaos_v1:pieceofdarkmetal":28,"minecraft:carrot":1,"minecraft:redstone":19,"create:brass_casing":39,"minecraft:arrow":1,"projecte:collector_mk2":1,"minecraft:diamond_chestplate":1,"minecraft:peony":1,"born_in_chaos_v1:spiny_shell":4,"minecraft:gold_ingot":2,"born_in_chaos_v1:fused_bone":4,"minecraft:stripped_oak_log":21,"born_in_chaos_v1:corpse_maggot":24,"create:iron_sheet":13,"born_in_chaos_v1:monster_flesh":2,"minecraft:leather":4,"minecraft:packed_mud":1,"minecraft:oak_log":110,"create:andesite_alloy":16,"minecraft:gunpowder":3,"gamma_beasts:prehnite_armor_boots":1,"immersive_aircraft:gyrodyne":3,"gamma_beasts:prehnite_armor_helmet":1,"minecraft:apple":5,"minecraft:kelp":5,"gamma_beasts:meat":3,"minecraft:iron_ingot":11,"born_in_chaos_v1:chipped_black_argillite_brick":1,"immersive_aircraft:airship":1,"minecraft:iron_sword":2,"create:mechanical_saw":2,"minecraft:smooth_basalt":1,"create:large_water_wheel":4,"minecraft:quartz":14,"born_in_chaos_v1:ethereal_spirit":18,"minecraft:gravel":12,"minecraft:amethyst_shard":4,"projecte:collector_mk1":2,"minecraft:white_bed":4,"minecraft:spider_eye":1,"botania:red_double_flower":1,"minecraft:slime_ball":16,"minecraft:painting":1,"minecraft:coal":63,"botania:brown_mystical_flower":1,"minecraft:ender_pearl":1},"minecraft:killed_by":{"born_in_chaos_v1:nightmare_stalker":2,"minecraft:player":1,"gamma_beasts:careyatros_a":2,"minecraft:skeleton":1},"minecraft:broken":{"minecraft:diamond_shovel":1,"create:sand_paper":2},"minecraft:killed":{"minecraft:cave_spider":1,"born_in_chaos_v1:restless_spirit":2,"born_in_chaos_v1:zombie_lumberjack":2,"born_in_chaos_v1:skeleton_demoman":1,"minecraft:spider":2,"born_in_chaos_v1:siamese_skeletonsright":2,"born_in_chaos_v1:baby_skeleton_minion":6,"born_in_chaos_v1:scarlet_persecutor":6,"minecraft:skeleton":3,"born_in_chaos_v1:skeleton_thrasher":1,"born_in_chaos_v1:firelight_not_despawn":1,"born_in_chaos_v1:bonescaller":2,"minecraft:zombie_villager":6,"minecraft:creeper":2,"born_in_chaos_v1:zombie_fisherman":1,"minecraft:zombie":16,"born_in_chaos_v1:dread_hound":3,"born_in_chaos_v1:corpse_fly":11,"born_in_chaos_v1:door_knight":2,"born_in_chaos_v1:siamese_skeletonsleft":2,"born_in_chaos_v1:thornshell_crab":1,"born_in_chaos_v1:zombie_bruiser":2,"born_in_chaos_v1:maggot":11,"born_in_chaos_v1:corpse_fish":1,"born_in_chaos_v1:fallen_chaos_knight":4,"born_in_chaos_v1:baby_skeleton":2,"born_in_chaos_v1:swarmer":1,"born_in_chaos_v1:decrepit_skeleton":8,"gamma_beasts:diamond_golem_a":1,"born_in_chaos_v1:decaying_zombie":1,"gamma_beasts:careyatros_c":1,"born_in_chaos_v1:nightmare_stalker":2,"minecraft:enderman":2},"minecraft:mined":{"create:copper_casing":1,"minecraft:white_bed":4,"minecraft:oak_sapling":1,"botania:red_mystical_flower":1,"create:andesite_casing":4,"minecraft:acacia_log":3,"minecraft:grass_block":2380,"born_in_chaos_v1:dark_metal_deposit":1,"minecraft:coal_block":25,"minecraft:spawner":1,"minecraft:glowstone":22,"minecraft:sticky_piston":2,"minecraft:fire":13,"minecraft:azure_bluet":1,"minecraft:red_tulip":2,"projecte:collector_mk1":2,"minecraft:iron_block":1,"create:veridium":26,"minecraft:kelp_plant":2,"minecraft:medium_amethyst_bud":2,"minecraft:amethyst_cluster":1,"minecraft:calcite":1,"minecraft:melon":1,"minecraft:chest":6,"create:brass_casing":39,"minecraft:mushroom_stem":8,"minecraft:glass":2,"minecraft:nether_quartz_ore":14,"minecraft:cobblestone":3,"projecte:collector_mk2":1,"minecraft:amethyst_block":1,"create:large_water_wheel":4,"minecraft:birch_log":12,"minecraft:grass":25,"minecraft:oak_log":58,"create:hand_crank":1,"minecraft:sand":131,"minecraft:dirt":529,"minecraft:smooth_basalt":9,"minecraft:red_mushroom_block":5,"minecraft:netherrack":3,"minecraft:oak_leaves":138,"minecraft:deepslate":19,"create:zinc_ore":2,"minecraft:tuff":2,"minecraft:deepslate_diamond_ore":13,"minecraft:candle":1,"minecraft:crimson_roots":1,"minecraft:redstone_wire":1,"minecraft:kelp":2,"minecraft:rooted_dirt":1,"create:shaft":5,"minecraft:packed_mud":1,"gamma_beasts:prehnite_ore":9,"minecraft:andesite":4,"minecraft:stripped_oak_log":19,"minecraft:stone":489,"minecraft:smithing_table":1,"minecraft:acacia_leaves":7,"minecraft:redstone_block":2,"minecraft:crafting_table":1,"minecraft:tall_grass":11,"born_in_chaos_v1:chipped_black_argillite_brick":1,"minecraft:deepslate_gold_ore":6,"botania:white_double_flower":1,"minecraft:spruce_stairs":1,"create:mechanical_saw":1,"gamma_beasts:deepslate_prehnite_ore":10,"minecraft:coarse_dirt":1,"minecraft:gravel":11,"minecraft:cobweb":10,"gamma_beasts:coconut_block":1,"create:andesite_funnel":2,"projecte:relay_mk1":1,"minecraft:fern":2},"minecraft:custom":{"minecraft:interact_with_crafting_table":14,"minecraft:open_barrel":10,"minecraft:leave_game":29,"minecraft:time_since_death":51137,"minecraft:damage_resisted":24,"minecraft:sprint_one_cm":1000291,"minecraft:drop":36,"minecraft:talked_to_villager":6,"minecraft:play_time":524790,"minecraft:deaths":10,"minecraft:jump":6727,"minecraft:walk_on_water_one_cm":34896,"minecraft:interact_with_furnace":54,"minecraft:sleep_in_bed":15,"minecraft:damage_dealt":27237,"minecraft:player_kills":1,"minecraft:crouch_one_cm":49437,"minecraft:inspect_dispenser":1,"minecraft:interact_with_smithing_table":3,"minecraft:mob_kills":110,"minecraft:damage_dealt_resisted":7036,"minecraft:climb_one_cm":4289,"minecraft:walk_one_cm":1459020,"minecraft:damage_dealt_absorbed":112,"minecraft:sneak_time":14233,"minecraft:walk_under_water_one_cm":20726,"minecraft:total_world_time":524790,"minecraft:time_since_rest":51168,"minecraft:damage_taken":6235,"minecraft:swim_one_cm":77734,"minecraft:fly_one_cm":1633280,"minecraft:open_chest":225,"minecraft:fall_one_cm":178705},"minecraft:dropped":{"minecraft:iron_sword":1,"minecraft:oak_log":100,"minecraft:leather":3,"minecraft:item_frame":1,"minecraft:crimson_roots":1,"projecte:philosophers_stone":1,"botania:white_petal":4,"minecraft:compass":1,"botania:manasteel_ingot":1,"create:andesite_alloy":30,"minecraft:enchanted_book":1,"minecraft:wheat_seeds":2,"minecraft:lead":1,"botania:crafting_halo":1,"minecraft:copper_ingot":176,"minecraft:coal":29,"born_in_chaos_v1:gnawed_bones":2,"minecraft:torch":1,"minecraft:stripped_oak_log":34,"botania:pure_daisy":1,"minecraft:diamond_chestplate":1,"create:zinc_ingot":42,"create:hand_crank":1},"minecraft:crafted":{"minecraft:obsidian":3,"minecraft:oak_planks":52,"minecraft:diamond_shovel":1,"create:mechanical_bearing":1,"minecraft:bookshelf":1,"create:deployer":4,"create:vertical_gearbox":2,"minecraft:glass":2,"create:andesite_funnel":2,"sophisticatedbackpacks:copper_backpack":1,"create:mechanical_press":1,"minecraft:chest":7,"minecraft:copper_block":2,"projecte:transmutation_table":1,"create:cogwheel":1,"gamma_beasts:cooked_meat":3,"create:brass_hand":4,"projecte:dark_matter":1,"create:depot":1,"projecte:collector_mk2":1,"minecraft:oak_slab":6,"minecraft:deepslate":4,"create:rose_quartz":4,"sophisticatedbackpacks:backpack":1,"minecraft:diamond_axe":1,"minecraft:crafting_table":3,"create:mechanical_saw":5,"projecte:mobius_fuel":8,"projecte:philosophers_stone":1,"minecraft:copper_ingot":266,"create:sand_paper":1,"minecraft:birch_planks":4,"botania:lime_petal":4,"create:mechanical_mixer":1,"create:gearbox":7,"minecraft:tnt":1,"minecraft:book":1,"minecraft:diamond_pickaxe":1,"create:water_wheel":1,"create:portable_storage_interface":4,"create:super_glue":24,"minecraft:gold_ingot":2,"create:large_cogwheel":1,"projecte:collector_mk1":1,"minecraft:shears":1,"create:empty_blaze_burner":4,"create:chute":8,"minecraft:redstone":27,"create:wrench":2,"minecraft:iron_nugget":576,"minecraft:furnace":1,"create:smart_chute":1,"projecte:nova_catalyst":4,"minecraft:flint_and_steel":2,"projecte:aeternalis_fuel":1,"minecraft:iron_axe":1,"projecte:relay_mk1":1,"botania:white_petal":4,"minecraft:slime_ball":3,"minecraft:lime_dye":1,"create:basin":1,"create:electron_tube":26,"projecte:destruction_catalyst":1,"create:belt_connector":10,"sophisticatedbackpacks:iron_backpack":1,"create:andesite_alloy":32,"create:hand_crank":1,"minecraft:enchanting_table":1,"minecraft:dried_kelp":1,"create:goggles":2,"create:large_water_wheel":1,"botania:lexicon":1,"sophisticatedbackpacks:gold_backpack":1,"minecraft:glowstone":1,"minecraft:air":0,"minecraft:jungle_planks":8,"projecte:alchemical_coal":20,"create:whisk":1,"create:mechanical_crafter":63,"create:linear_chassis":192,"create:shaft":8,"minecraft:acacia_planks":20,"create:zinc_ingot":32}},"DataVersion":3465}