{"stats":{"minecraft:custom":{"minecraft:time_since_rest":11335,"minecraft:sprint_one_cm":128948,"minecraft:damage_taken":406,"minecraft:walk_one_cm":82194,"minecraft:mob_kills":1,"minecraft:drop":4,"minecraft:damage_dealt":354,"minecraft:fly_one_cm":241478,"minecraft:open_barrel":1,"minecraft:open_chest":24,"minecraft:crouch_one_cm":1417,"minecraft:play_time":31685,"minecraft:sneak_time":565,"minecraft:leave_game":1,"minecraft:jump":914,"minecraft:time_since_death":31685,"minecraft:walk_on_water_one_cm":810,"minecraft:sleep_in_bed":2,"minecraft:climb_one_cm":539,"minecraft:total_world_time":31685,"minecraft:fall_one_cm":32111},"minecraft:mined":{"minecraft:tuff":2,"minecraft:acacia_leaves":1,"minecraft:packed_mud":1,"minecraft:sticky_piston":2,"minecraft:melon":1,"minecraft:cobweb":2,"minecraft:coal_block":6,"minecraft:glass":2,"minecraft:smooth_basalt":8,"minecraft:stone":1,"create:veridium":24,"botania:white_double_flower":1},"minecraft:killed":{"born_in_chaos_v1:thornshell_crab":1},"minecraft:crafted":{"botania:white_petal":4},"minecraft:used":{"minecraft:melon_slice":7,"minecraft:bread":10,"minecraft:iron_pickaxe":41,"create:veridium":4,"minecraft:iron_helmet":1,"minecraft:iron_sword":7,"minecraft:chainmail_helmet":1,"minecraft:iron_boots":1,"minecraft:item_frame":1,"minecraft:iron_chestplate":1,"minecraft:iron_leggings":1},"minecraft:picked_up":{"minecraft:leather":4,"minecraft:lead":1,"minecraft:torch":1,"minecraft:enchanted_book":3,"minecraft:packed_mud":1,"minecraft:string":2,"botania:white_double_flower":1,"born_in_chaos_v1:monster_skin":1,"minecraft:sticky_piston":2,"minecraft:item_frame":1,"minecraft:experience_bottle":3,"minecraft:bone":1,"minecraft:rotten_flesh":2,"born_in_chaos_v1:spiny_shell":4,"minecraft:iron_ingot":6,"minecraft:painting":1,"create:veridium":24,"minecraft:bread":2,"born_in_chaos_v1:gnawed_bones":2,"minecraft:gold_ingot":2,"minecraft:emerald":2,"minecraft:melon_slice":7,"minecraft:coal_block":6,"minecraft:iron_sword":1,"minecraft:coal":1},"minecraft:dropped":{"minecraft:enchanted_book":1,"born_in_chaos_v1:gnawed_bones":2,"minecraft:compass":1,"minecraft:torch":1}},"DataVersion":3465}