{"stats":{"minecraft:dropped":{"minecraft:enchanted_book":1,"minecraft:iron_sword":1,"minecraft:wheat_seeds":1,"minecraft:lead":1,"minecraft:leather":3,"minecraft:item_frame":1,"born_in_chaos_v1:gnawed_bones":2,"minecraft:torch":1,"minecraft:crimson_roots":1,"projecte:philosophers_stone":1,"minecraft:compass":1,"minecraft:diamond_chestplate":1,"create:hand_crank":1,"create:andesite_alloy":29},"minecraft:mined":{"create:zinc_ore":2,"minecraft:tuff":2,"minecraft:white_bed":3,"minecraft:deepslate_diamond_ore":2,"botania:red_mystical_flower":1,"create:andesite_casing":2,"minecraft:acacia_log":3,"born_in_chaos_v1:dark_metal_deposit":1,"minecraft:grass_block":1369,"minecraft:crimson_roots":1,"minecraft:redstone_wire":1,"minecraft:coal_block":25,"minecraft:spawner":1,"minecraft:glowstone":22,"minecraft:packed_mud":1,"minecraft:sticky_piston":2,"minecraft:fire":1,"minecraft:andesite":4,"gamma_beasts:prehnite_ore":9,"minecraft:red_tulip":1,"projecte:collector_mk1":2,"minecraft:stone":236,"minecraft:iron_block":1,"create:veridium":26,"minecraft:smithing_table":1,"minecraft:redstone_block":2,"minecraft:acacia_leaves":3,"minecraft:crafting_table":1,"minecraft:melon":1,"minecraft:mushroom_stem":8,"minecraft:nether_quartz_ore":14,"minecraft:glass":2,"minecraft:tall_grass":11,"projecte:collector_mk2":1,"born_in_chaos_v1:chipped_black_argillite_brick":1,"botania:white_double_flower":1,"create:large_water_wheel":4,"create:mechanical_saw":1,"minecraft:spruce_stairs":1,"gamma_beasts:deepslate_prehnite_ore":6,"minecraft:coarse_dirt":1,"minecraft:birch_log":12,"minecraft:grass":14,"minecraft:oak_log":53,"create:hand_crank":1,"minecraft:gravel":11,"minecraft:sand":3,"minecraft:dirt":489,"minecraft:cobweb":10,"minecraft:smooth_basalt":8,"minecraft:red_mushroom_block":5,"minecraft:netherrack":1,"projecte:relay_mk1":1,"minecraft:deepslate":8,"minecraft:oak_leaves":77,"minecraft:fern":2},"minecraft:custom":{"minecraft:interact_with_smithing_table":3,"minecraft:mob_kills":52,"minecraft:interact_with_crafting_table":11,"minecraft:open_barrel":2,"minecraft:damage_dealt_resisted":4629,"minecraft:leave_game":14,"minecraft:time_since_death":19968,"minecraft:climb_one_cm":4289,"minecraft:sprint_one_cm":624008,"minecraft:walk_one_cm":704973,"minecraft:drop":14,"minecraft:talked_to_villager":1,"minecraft:play_time":268462,"minecraft:sneak_time":8401,"minecraft:deaths":3,"minecraft:walk_under_water_one_cm":5400,"minecraft:jump":4642,"minecraft:walk_on_water_one_cm":14166,"minecraft:total_world_time":268462,"minecraft:interact_with_furnace":25,"minecraft:sleep_in_bed":9,"minecraft:time_since_rest":19997,"minecraft:damage_taken":2673,"minecraft:damage_dealt":10967,"minecraft:swim_one_cm":39182,"minecraft:player_kills":1,"minecraft:fly_one_cm":1223834,"minecraft:open_chest":96,"minecraft:crouch_one_cm":35106,"minecraft:inspect_dispenser":1,"minecraft:fall_one_cm":140513},"minecraft:killed":{"minecraft:cave_spider":1,"born_in_chaos_v1:zombie_lumberjack":2,"born_in_chaos_v1:thornshell_crab":1,"born_in_chaos_v1:baby_skeleton_minion":6,"born_in_chaos_v1:scarlet_persecutor":2,"born_in_chaos_v1:maggot":5,"minecraft:skeleton":1,"born_in_chaos_v1:skeleton_thrasher":1,"born_in_chaos_v1:corpse_fish":1,"born_in_chaos_v1:firelight_not_despawn":1,"born_in_chaos_v1:fallen_chaos_knight":2,"born_in_chaos_v1:bonescaller":2,"minecraft:zombie_villager":4,"born_in_chaos_v1:baby_skeleton":1,"born_in_chaos_v1:swarmer":1,"minecraft:creeper":1,"born_in_chaos_v1:decrepit_skeleton":4,"gamma_beasts:diamond_golem_a":1,"born_in_chaos_v1:zombie_fisherman":1,"minecraft:zombie":5,"born_in_chaos_v1:dread_hound":1,"born_in_chaos_v1:corpse_fly":6,"born_in_chaos_v1:door_knight":1,"minecraft:enderman":1},"minecraft:killed_by":{"minecraft:player":1},"minecraft:crafted":{"minecraft:obsidian":3,"minecraft:oak_planks":36,"create:wrench":1,"minecraft:iron_nugget":576,"minecraft:furnace":1,"minecraft:diamond_shovel":1,"minecraft:bookshelf":1,"minecraft:flint_and_steel":1,"minecraft:glass":2,"projecte:aeternalis_fuel":1,"sophisticatedbackpacks:copper_backpack":1,"create:mechanical_press":1,"minecraft:iron_axe":1,"projecte:relay_mk1":1,"botania:white_petal":4,"minecraft:chest":5,"projecte:transmutation_table":1,"create:cogwheel":1,"sophisticatedbackpacks:iron_backpack":1,"projecte:dark_matter":1,"projecte:collector_mk2":1,"create:depot":1,"minecraft:deepslate":4,"create:andesite_alloy":32,"create:hand_crank":1,"sophisticatedbackpacks:backpack":1,"minecraft:diamond_axe":1,"minecraft:crafting_table":2,"minecraft:enchanting_table":1,"projecte:mobius_fuel":8,"projecte:philosophers_stone":1,"create:goggles":1,"create:large_water_wheel":1,"minecraft:copper_ingot":137,"sophisticatedbackpacks:gold_backpack":1,"minecraft:birch_planks":4,"minecraft:glowstone":1,"minecraft:air":0,"minecraft:jungle_planks":8,"projecte:alchemical_coal":20,"minecraft:book":1,"minecraft:diamond_pickaxe":1,"create:water_wheel":1,"minecraft:gold_ingot":2,"create:large_cogwheel":1,"create:shaft":8,"minecraft:acacia_planks":20,"projecte:collector_mk1":1,"create:zinc_ingot":26},"minecraft:broken":{"minecraft:diamond_shovel":1},"minecraft:used":{"minecraft:enchanting_table":1,"minecraft:flint_and_steel":1,"create:veridium":11,"minecraft:chest":4,"projecte:relay_mk1":1,"minecraft:iron_sword":330,"immersive_aircraft:quadrocopter":3,"minecraft:iron_chestplate":1,"minecraft:torch":7,"minecraft:dirt":64,"create:cogwheel":20,"create:depot":1,"minecraft:obsidian":10,"minecraft:lava_bucket":7,"minecraft:bookshelf":15,"create:wrench":89,"minecraft:iron_axe":5,"minecraft:iron_helmet":1,"minecraft:iron_boots":1,"minecraft:item_frame":1,"minecraft:glowstone":9,"create:shaft":3,"minecraft:furnace":2,"minecraft:egg":1,"immersive_aircraft:biplane":1,"minecraft:iron_leggings":1,"minecraft:water_bucket":15,"minecraft:chainmail_helmet":1,"minecraft:diamond_axe":132,"create:mechanical_saw":3,"minecraft:crafting_table":3,"minecraft:white_bed":3,"projecte:collector_mk2":3,"minecraft:oak_log":70,"projecte:transmutation_table":1,"minecraft:diamond_pickaxe":160,"minecraft:diamond_shovel":1866,"create:mechanical_press":3,"born_in_chaos_v1:monster_flesh":1,"minecraft:melon_slice":7,"minecraft:bread":62,"minecraft:iron_pickaxe":228,"minecraft:gravel":9,"create:large_water_wheel":6,"projecte:collector_mk1":2,"projecte:philosophers_stone":35,"minecraft:smithing_table":1,"immersive_aircraft:gyrodyne":1,"create:hand_crank":3,"minecraft:bucket":27,"create:large_cogwheel":16},"minecraft:picked_up":{"minecraft:coarse_dirt":1,"minecraft:crafting_table":1,"minecraft:allium":3,"minecraft:azure_bluet":14,"minecraft:redstone_block":2,"born_in_chaos_v1:seedof_chaos":3,"gamma_beasts:fur":1,"minecraft:smithing_table":1,"minecraft:lead":2,"minecraft:enchanted_book":3,"minecraft:shield":1,"projecte:relay_mk1":1,"minecraft:string":12,"minecraft:raw_copper":192,"immersive_aircraft:biplane":1,"minecraft:sticky_piston":2,"minecraft:item_frame":2,"minecraft:experience_bottle":5,"minecraft:cobbled_deepslate":8,"born_in_chaos_v1:gnawed_bones":2,"minecraft:melon_slice":7,"minecraft:coal_block":28,"minecraft:chest":1,"minecraft:birch_sapling":8,"minecraft:furnace":1,"minecraft:egg":1,"minecraft:stick":26,"born_in_chaos_v1:shattered_skull":4,"minecraft:torch":8,"minecraft:acacia_log":5,"create:andesite_casing":2,"minecraft:spruce_stairs":1,"born_in_chaos_v1:pileof_dark_metal":1,"minecraft:cookie":1,"create:hand_crank":3,"born_in_chaos_v1:pieceofdarkmetal":20,"minecraft:carrot":1,"minecraft:redstone":1,"create:large_cogwheel":1,"minecraft:arrow":1,"projecte:collector_mk2":1,"minecraft:rotten_flesh":26,"minecraft:diamond_chestplate":1,"minecraft:peony":1,"minecraft:iron_block":1,"minecraft:red_tulip":18,"create:veridium":41,"born_in_chaos_v1:spiny_shell":4,"minecraft:gold_ingot":2,"minecraft:obsidian":7,"minecraft:blaze_powder":64,"minecraft:cobblestone":236,"minecraft:birch_log":18,"born_in_chaos_v1:corpse_maggot":15,"born_in_chaos_v1:monster_flesh":1,"minecraft:andesite":4,"minecraft:jungle_log":2,"minecraft:leather":4,"gamma_beasts:prehnite":19,"minecraft:packed_mud":1,"minecraft:flint":1,"minecraft:oak_log":56,"create:raw_zinc":2,"born_in_chaos_v1:black_argillite_button":1,"minecraft:gunpowder":2,"immersive_aircraft:gyrodyne":1,"minecraft:dirt":1867,"minecraft:lantern":2,"botania:white_double_flower":1,"born_in_chaos_v1:monster_skin":1,"minecraft:bone":17,"minecraft:apple":2,"minecraft:bow":1,"minecraft:wheat_seeds":13,"minecraft:orange_tulip":12,"projecte:philosophers_stone":1,"minecraft:iron_ingot":7,"born_in_chaos_v1:chipped_black_argillite_brick":1,"immersive_aircraft:airship":1,"minecraft:glowstone_dust":65,"minecraft:iron_sword":2,"minecraft:oak_planks":3,"create:mechanical_saw":2,"botania:red_mystical_flower":1,"create:large_water_wheel":4,"born_in_chaos_v1:ethereal_spirit":9,"minecraft:quartz":14,"minecraft:gravel":10,"minecraft:sand":3,"projecte:collector_mk1":2,"minecraft:white_bed":3,"minecraft:grass_block":1,"minecraft:spider_eye":1,"botania:red_double_flower":1,"born_in_chaos_v1:fire_dust":3,"minecraft:diamond":3,"minecraft:painting":1,"minecraft:bone_meal":1,"immersive_aircraft:quadrocopter":2,"minecraft:emerald":3,"minecraft:bread":2,"minecraft:oak_sapling":52,"born_in_chaos_v1:rotten_fish":1,"minecraft:netherrack":1,"botania:brown_mystical_flower":1,"minecraft:coal":63,"minecraft:crimson_roots":1}},"DataVersion":3465}