{"stats":{"minecraft:picked_up":{"minecraft:crafting_table":1,"minecraft:redstone_block":2,"born_in_chaos_v1:seedof_chaos":1,"gamma_beasts:fur":1,"minecraft:lead":2,"minecraft:smithing_table":1,"minecraft:enchanted_book":3,"minecraft:string":12,"minecraft:sticky_piston":2,"minecraft:item_frame":2,"minecraft:experience_bottle":5,"minecraft:cobbled_deepslate":4,"born_in_chaos_v1:gnawed_bones":2,"minecraft:melon_slice":7,"minecraft:coal_block":25,"minecraft:stick":3,"born_in_chaos_v1:shattered_skull":3,"minecraft:torch":1,"minecraft:acacia_log":5,"minecraft:spruce_stairs":1,"born_in_chaos_v1:pileof_dark_metal":1,"minecraft:cookie":1,"born_in_chaos_v1:pieceofdarkmetal":8,"minecraft:carrot":1,"minecraft:redstone":1,"minecraft:arrow":1,"minecraft:rotten_flesh":19,"minecraft:iron_block":1,"create:veridium":26,"born_in_chaos_v1:spiny_shell":4,"minecraft:gold_ingot":2,"minecraft:obsidian":7,"minecraft:cobblestone":115,"minecraft:birch_log":1,"born_in_chaos_v1:corpse_maggot":1,"minecraft:jungle_log":2,"minecraft:leather":4,"gamma_beasts:prehnite":4,"minecraft:packed_mud":1,"minecraft:flint":1,"minecraft:oak_log":5,"minecraft:dirt":2,"minecraft:lantern":2,"botania:white_double_flower":1,"born_in_chaos_v1:monster_skin":1,"minecraft:bone":9,"minecraft:bow":1,"minecraft:wheat_seeds":2,"minecraft:iron_ingot":7,"minecraft:glowstone_dust":65,"minecraft:iron_sword":2,"minecraft:oak_planks":3,"born_in_chaos_v1:ethereal_spirit":3,"minecraft:quartz":14,"minecraft:gravel":10,"minecraft:white_bed":3,"minecraft:spider_eye":1,"born_in_chaos_v1:fire_dust":1,"minecraft:diamond":1,"minecraft:painting":1,"minecraft:emerald":3,"minecraft:bread":2,"minecraft:oak_sapling":6,"minecraft:netherrack":1,"minecraft:coal":1,"minecraft:crimson_roots":1},"minecraft:used":{"minecraft:flint_and_steel":1,"create:veridium":11,"minecraft:chest":4,"minecraft:iron_sword":257,"minecraft:iron_chestplate":1,"minecraft:dirt":2,"minecraft:obsidian":10,"minecraft:iron_axe":5,"minecraft:iron_helmet":1,"minecraft:iron_boots":1,"minecraft:item_frame":1,"minecraft:furnace":1,"minecraft:iron_leggings":1,"minecraft:water_bucket":7,"minecraft:chainmail_helmet":1,"minecraft:crafting_table":3,"minecraft:white_bed":3,"projecte:transmutation_table":1,"minecraft:melon_slice":7,"minecraft:bread":44,"minecraft:iron_pickaxe":228,"minecraft:gravel":9,"minecraft:bucket":12},"minecraft:dropped":{"minecraft:enchanted_book":1,"minecraft:iron_sword":1,"minecraft:lead":1,"minecraft:leather":3,"minecraft:item_frame":1,"born_in_chaos_v1:gnawed_bones":2,"minecraft:torch":1,"minecraft:crimson_roots":1,"minecraft:compass":1},"minecraft:crafted":{"minecraft:obsidian":3,"minecraft:oak_planks":20,"minecraft:furnace":1,"minecraft:flint_and_steel":1,"minecraft:iron_axe":1,"botania:white_petal":4,"minecraft:chest":5,"projecte:transmutation_table":1,"minecraft:deepslate":4,"sophisticatedbackpacks:backpack":1,"minecraft:crafting_table":2,"projecte:philosophers_stone":1,"minecraft:birch_planks":4,"minecraft:air":0,"minecraft:jungle_planks":8,"minecraft:acacia_planks":20},"minecraft:killed":{"minecraft:cave_spider":1,"born_in_chaos_v1:zombie_lumberjack":2,"born_in_chaos_v1:thornshell_crab":1,"born_in_chaos_v1:baby_skeleton_minion":2,"born_in_chaos_v1:maggot":2,"born_in_chaos_v1:scarlet_persecutor":2,"minecraft:skeleton":1,"born_in_chaos_v1:skeleton_thrasher":1,"born_in_chaos_v1:firelight_not_despawn":1,"born_in_chaos_v1:fallen_chaos_knight":2,"born_in_chaos_v1:bonescaller":1,"minecraft:zombie_villager":3,"born_in_chaos_v1:baby_skeleton":1,"born_in_chaos_v1:decrepit_skeleton":1,"gamma_beasts:diamond_golem_a":1,"minecraft:zombie":4,"born_in_chaos_v1:corpse_fly":1,"born_in_chaos_v1:door_knight":1},"minecraft:mined":{"minecraft:tuff":2,"minecraft:white_bed":3,"botania:red_mystical_flower":1,"minecraft:acacia_log":3,"minecraft:grass_block":3,"minecraft:crimson_roots":1,"minecraft:redstone_wire":1,"minecraft:coal_block":25,"minecraft:spawner":1,"minecraft:glowstone":22,"minecraft:packed_mud":1,"minecraft:sticky_piston":2,"minecraft:fire":1,"gamma_beasts:prehnite_ore":4,"minecraft:stone":115,"minecraft:iron_block":1,"create:veridium":26,"minecraft:smithing_table":1,"minecraft:acacia_leaves":3,"minecraft:redstone_block":2,"minecraft:crafting_table":1,"minecraft:melon":1,"minecraft:mushroom_stem":8,"minecraft:glass":2,"minecraft:nether_quartz_ore":14,"minecraft:tall_grass":5,"botania:white_double_flower":1,"minecraft:spruce_stairs":1,"minecraft:grass":2,"minecraft:oak_log":5,"minecraft:gravel":11,"minecraft:cobweb":10,"minecraft:smooth_basalt":8,"minecraft:red_mushroom_block":5,"minecraft:netherrack":1,"minecraft:oak_leaves":70,"minecraft:deepslate":4},"minecraft:custom":{"minecraft:mob_kills":28,"minecraft:interact_with_crafting_table":11,"minecraft:open_barrel":2,"minecraft:damage_dealt_resisted":4533,"minecraft:leave_game":2,"minecraft:time_since_death":64973,"minecraft:climb_one_cm":4289,"minecraft:sprint_one_cm":431891,"minecraft:walk_one_cm":278619,"minecraft:drop":9,"minecraft:talked_to_villager":1,"minecraft:play_time":120265,"minecraft:deaths":1,"minecraft:sneak_time":4040,"minecraft:walk_under_water_one_cm":4249,"minecraft:jump":3573,"minecraft:walk_on_water_one_cm":11222,"minecraft:total_world_time":120265,"minecraft:interact_with_furnace":2,"minecraft:sleep_in_bed":6,"minecraft:time_since_rest":18240,"minecraft:damage_taken":1598,"minecraft:damage_dealt":7020,"minecraft:swim_one_cm":30426,"minecraft:fly_one_cm":969184,"minecraft:open_chest":67,"minecraft:crouch_one_cm":13094,"minecraft:fall_one_cm":113764,"minecraft:inspect_dispenser":1}},"DataVersion":3465}