{"stats":{"minecraft:picked_up":{"minecraft:birch_log":2,"minecraft:charcoal":4,"minecraft:crafting_table":1,"minecraft:chicken":5,"minecraft:crimson_stem":14,"minecraft:golden_pickaxe":1,"minecraft:leather":10,"minecraft:wooden_pickaxe":1,"minecraft:oak_stairs":1,"minecraft:potato":4,"minecraft:stone_brick_wall":2,"minecraft:enchanted_book":1,"minecraft:crimson_fungus":1,"minecraft:oak_log":33,"minecraft:nether_wart_block":2,"minecraft:yellow_bed":1,"minecraft:string":4,"minecraft:dirt":1,"minecraft:lantern":2,"minecraft:experience_bottle":4,"botania:magenta_mystical_flower":9,"minecraft:shroomlight":4,"minecraft:light_blue_banner":2,"minecraft:stone_bricks":2,"minecraft:bow":1,"minecraft:wheat_seeds":7,"minecraft:cobbled_deepslate":1,"minecraft:tall_grass":3,"minecraft:rabbit":1,"minecraft:sugar_cane":50,"minecraft:chest":2,"minecraft:oak_planks":1,"minecraft:acacia_sapling":7,"minecraft:book":2,"minecraft:cooked_porkchop":2,"minecraft:oak_fence":1,"minecraft:quartz":8,"minecraft:porkchop":2,"botania:lime_double_flower":1,"minecraft:leather_helmet":1,"minecraft:rotten_flesh":2,"born_in_chaos_v1:fire_dust":1,"minecraft:writable_book":1,"minecraft:hay_block":14,"botania:blue_mystical_flower":6,"minecraft:red_tulip":1,"minecraft:grass":1,"gamma_beasts:coal_nugget":8,"minecraft:bread":7,"minecraft:gold_ingot":2,"minecraft:emerald":1,"minecraft:netherrack":11,"minecraft:coal":9},"minecraft:used":{"minecraft:water_bucket":5,"minecraft:leather_leggings":1,"minecraft:iron_shovel":81,"minecraft:stone_pickaxe":42,"minecraft:leather_chestplate":1,"minecraft:iron_sword":7,"minecraft:chainmail_helmet":1,"minecraft:leather_boots":1,"minecraft:cooked_chicken":6,"minecraft:crafting_table":2,"minecraft:diamond_pickaxe":1,"minecraft:iron_axe":65,"minecraft:leather_helmet":1,"minecraft:nether_wart_block":1,"minecraft:cooked_porkchop":4,"minecraft:bucket":6,"minecraft:yellow_bed":1,"minecraft:experience_bottle":5},"minecraft:dropped":{"minecraft:bread":9,"minecraft:wheat_seeds":6,"gamma_beasts:coal_nugget":8,"minecraft:obsidian":7,"minecraft:tall_grass":5,"minecraft:rotten_flesh":2,"minecraft:book":2,"minecraft:leather_helmet":2,"minecraft:grass":1,"minecraft:dirt":1,"minecraft:potato":12,"minecraft:rabbit":1,"minecraft:acacia_sapling":12,"minecraft:bow":1,"minecraft:wooden_pickaxe":2,"minecraft:iron_shovel":1,"minecraft:light_blue_banner":1},"minecraft:crafted":{"minecraft:oak_planks":8,"sophisticatedbackpacks:backpack":1,"minecraft:cooked_porkchop":2,"minecraft:crafting_table":1,"minecraft:cooked_chicken":6,"minecraft:bucket":1,"minecraft:bread":66,"minecraft:air":0,"minecraft:diamond_pickaxe":1,"minecraft:iron_axe":1,"minecraft:stick":4,"minecraft:iron_ingot":4,"minecraft:iron_leggings":1,"minecraft:golden_boots":1},"minecraft:killed":{"minecraft:horse":4},"minecraft:mined":{"botania:green_mystical_flower":1,"botania:lime_mystical_flower":2,"minecraft:acacia_leaves":2,"minecraft:crimson_nylium":1,"minecraft:oak_fence":3,"minecraft:crafting_table":1,"minecraft:grass_block":9,"minecraft:stone_brick_wall":3,"minecraft:melon":1,"minecraft:chest":2,"minecraft:campfire":2,"minecraft:nether_quartz_ore":9,"minecraft:glass":1,"minecraft:tall_grass":3,"botania:blue_mystical_flower":6,"minecraft:crimson_fungus":1,"minecraft:oak_planks":1,"minecraft:sugar_cane":30,"minecraft:crimson_stem":14,"minecraft:hay_block":15,"minecraft:light_blue_wall_banner":1,"minecraft:coarse_dirt":1,"botania:magenta_mystical_flower":9,"minecraft:nether_wart_block":2,"botania:lime_double_flower":1,"minecraft:yellow_bed":1,"minecraft:grass":5,"minecraft:red_tulip":2,"minecraft:oak_log":34,"minecraft:coal_ore":9,"minecraft:shroomlight":4,"minecraft:dirt_path":1,"minecraft:oak_stairs":1,"minecraft:dirt":7,"minecraft:stone_bricks":3,"minecraft:netherrack":13,"minecraft:cake":1,"minecraft:oak_leaves":3},"minecraft:custom":{"minecraft:interact_with_furnace":17,"minecraft:mob_kills":4,"minecraft:traded_with_villager":11,"minecraft:interact_with_crafting_table":16,"minecraft:eat_cake_slice":15,"minecraft:leave_game":1,"minecraft:time_since_death":77869,"minecraft:sleep_in_bed":5,"minecraft:climb_one_cm":1413,"minecraft:time_since_rest":9141,"minecraft:sprint_one_cm":244104,"minecraft:damage_taken":584,"minecraft:walk_one_cm":166041,"minecraft:drop":25,"minecraft:damage_dealt":1249,"minecraft:swim_one_cm":297,"minecraft:talked_to_villager":6,"minecraft:fly_one_cm":215683,"minecraft:open_chest":43,"minecraft:crouch_one_cm":737,"minecraft:play_time":77869,"minecraft:sneak_time":457,"minecraft:walk_under_water_one_cm":138,"minecraft:jump":948,"minecraft:walk_on_water_one_cm":2611,"minecraft:total_world_time":77869,"minecraft:fall_one_cm":35787}},"DataVersion":3465}