{"stats":{"minecraft:used":{"minecraft:netherite_sword":105,"minecraft:iron_shovel":136,"minecraft:flint_and_steel":58,"minecraft:chest":3,"minecraft:iron_sword":24,"minecraft:cooked_chicken":6,"minecraft:netherrack":14,"minecraft:dirt":33,"minecraft:obsidian":25,"minecraft:iron_axe":112,"minecraft:netherite_pickaxe":63,"immersive_aircraft:biplane":5,"minecraft:crimson_stem":1,"minecraft:cooked_mutton":2,"minecraft:water_bucket":7,"minecraft:leather_leggings":1,"minecraft:stone_pickaxe":69,"minecraft:leather_chestplate":1,"minecraft:chainmail_helmet":1,"minecraft:diamond_axe":40,"minecraft:leather_boots":1,"minecraft:polished_blackstone_bricks":12,"minecraft:cookie":8,"minecraft:crafting_table":2,"minecraft:diamond_pickaxe":2631,"minecraft:diamond_shovel":226,"minecraft:crying_obsidian":1,"minecraft:bread":47,"minecraft:melon_slice":13,"minecraft:leather_helmet":1,"create:andesite_casing":1,"projecte:philosophers_stone":89,"minecraft:nether_wart_block":1,"minecraft:diamond_sword":183,"minecraft:cobblestone":89,"minecraft:cooked_porkchop":4,"immersive_aircraft:gyrodyne":6,"minecraft:bucket":8,"minecraft:yellow_bed":1,"minecraft:experience_bottle":5},"minecraft:picked_up":{"minecraft:charcoal":4,"minecraft:crafting_table":1,"minecraft:azure_bluet":7,"botania:brown_double_flower":1,"minecraft:chicken":5,"minecraft:golden_pickaxe":1,"born_in_chaos_v1:charmof_resistance":1,"minecraft:wooden_pickaxe":1,"minecraft:oak_stairs":1,"minecraft:stone_brick_wall":2,"minecraft:gold_block":12,"minecraft:enchanted_book":1,"minecraft:gilded_blackstone":3,"minecraft:string":4,"minecraft:soul_soil":7,"minecraft:raw_copper":21,"immersive_aircraft:biplane":6,"born_in_chaos_v1:intoxicating_decoction":2,"minecraft:experience_bottle":4,"botania:magenta_mystical_flower":9,"minecraft:blackstone":14,"minecraft:shroomlight":4,"minecraft:candle":4,"minecraft:gold_nugget":80,"minecraft:cobbled_deepslate":133,"minecraft:calcite":5,"minecraft:poppy":1,"minecraft:sugar_cane":50,"minecraft:chest":3,"minecraft:birch_sapling":1,"minecraft:stick":4,"minecraft:raw_iron":74,"born_in_chaos_v1:shattered_skull":3,"minecraft:oak_fence":1,"minecraft:torch":1,"create:andesite_casing":1,"minecraft:polished_blackstone_bricks":17,"minecraft:porkchop":2,"botania:lime_double_flower":1,"minecraft:redstone":60,"minecraft:arrow":1,"minecraft:weeping_vines":1,"minecraft:rotten_flesh":13,"minecraft:diamond_chestplate":1,"botania:lime_mystical_flower":5,"minecraft:peony":7,"minecraft:hay_block":14,"botania:blue_mystical_flower":6,"minecraft:red_tulip":15,"create:asurine":7,"gamma_beasts:coal_nugget":21,"minecraft:gold_ingot":2,"minecraft:obsidian":4,"minecraft:mutton":2,"minecraft:bone_block":6,"minecraft:white_wool":2,"minecraft:cobblestone":263,"born_in_chaos_v1:fused_bone":2,"minecraft:birch_log":14,"born_in_chaos_v1:corpse_maggot":7,"minecraft:magma_block":4,"minecraft:magma_cream":4,"minecraft:basalt":7,"minecraft:crimson_stem":28,"minecraft:salmon":1,"minecraft:leather":10,"gamma_beasts:prehnite":2,"minecraft:potato":4,"minecraft:flint":3,"minecraft:gunpowder":1,"minecraft:oak_log":72,"minecraft:crimson_fungus":4,"minecraft:tuff":21,"create:raw_zinc":17,"minecraft:ancient_debris":20,"minecraft:yellow_bed":1,"minecraft:nether_wart_block":5,"immersive_aircraft:gyrodyne":7,"minecraft:lapis_lazuli":33,"minecraft:dirt":175,"minecraft:lantern":2,"minecraft:bone":8,"minecraft:light_blue_banner":2,"minecraft:stone_bricks":2,"minecraft:bow":1,"minecraft:wheat_seeds":7,"minecraft:raw_gold":28,"minecraft:tall_grass":3,"minecraft:rabbit":1,"minecraft:soul_sand":40,"minecraft:iron_sword":1,"minecraft:oak_planks":1,"minecraft:acacia_sapling":7,"minecraft:book":2,"minecraft:cooked_porkchop":2,"born_in_chaos_v1:ethereal_spirit":6,"minecraft:quartz":146,"minecraft:gravel":29,"minecraft:sand":28,"minecraft:crying_obsidian":1,"minecraft:mossy_cobblestone":10,"minecraft:leather_helmet":1,"born_in_chaos_v1:fire_dust":4,"minecraft:diamond":45,"minecraft:writable_book":1,"minecraft:cracked_polished_blackstone_bricks":11,"minecraft:iron_helmet":1,"minecraft:grass":1,"minecraft:emerald":1,"minecraft:bread":7,"minecraft:oak_sapling":4,"minecraft:netherrack":1653,"botania:brown_mystical_flower":4,"minecraft:coal":139,"minecraft:crimson_roots":2,"minecraft:allium":1},"minecraft:killed_by":{"minecraft:piglin_brute":2},"minecraft:killed":{"born_in_chaos_v1:zombie_clown":1,"minecraft:zombified_piglin":1,"born_in_chaos_v1:restless_spirit":3,"born_in_chaos_v1:skeleton_demoman":1,"born_in_chaos_v1:siamese_skeletonsright":1,"born_in_chaos_v1:firelight":3,"born_in_chaos_v1:scarlet_persecutor":1,"born_in_chaos_v1:maggot":3,"minecraft:skeleton":1,"minecraft:horse":4,"minecraft:bee":1,"minecraft:piglin_brute":5,"born_in_chaos_v1:firelight_not_despawn":1,"minecraft:magma_cube":57,"minecraft:piglin":8,"minecraft:zombie_villager":1,"born_in_chaos_v1:decrepit_skeleton":2,"minecraft:sheep":1,"born_in_chaos_v1:zombie_fisherman":1,"minecraft:zombie":1,"born_in_chaos_v1:corpse_fly":5,"born_in_chaos_v1:siamese_skeletonsleft":1},"minecraft:mined":{"create:zinc_ore":17,"minecraft:nether_gold_ore":26,"minecraft:crying_obsidian":1,"minecraft:tuff":49,"minecraft:mossy_cobblestone":2,"minecraft:deepslate_diamond_ore":45,"minecraft:candle":1,"create:andesite_casing":1,"minecraft:obsidian":4,"minecraft:grass_block":149,"minecraft:stone_brick_wall":3,"minecraft:cracked_polished_blackstone_bricks":14,"minecraft:crimson_roots":4,"botania:brown_double_flower":1,"minecraft:soul_soil":9,"minecraft:deepslate_tile_stairs":1,"minecraft:gilded_blackstone":4,"minecraft:crimson_fungus":3,"minecraft:rooted_dirt":2,"minecraft:crimson_stem":23,"minecraft:spawner":1,"minecraft:polished_blackstone_bricks":24,"minecraft:hay_block":15,"minecraft:weeping_vines_plant":1,"minecraft:light_blue_wall_banner":1,"minecraft:redstone_ore":8,"minecraft:magma_block":10,"botania:magenta_mystical_flower":9,"minecraft:iron_ore":49,"minecraft:fire":71,"minecraft:cobbled_deepslate":1,"gamma_beasts:prehnite_ore":2,"botania:lime_double_flower":1,"minecraft:deepslate_lapis_ore":6,"minecraft:peony":3,"minecraft:azure_bluet":1,"minecraft:gold_block":12,"create:asurine":8,"minecraft:red_tulip":8,"minecraft:dirt_path":1,"minecraft:shroomlight":4,"minecraft:deepslate_iron_ore":24,"minecraft:oak_stairs":1,"botania:brown_mystical_flower":2,"minecraft:bone_block":6,"minecraft:stone":264,"minecraft:cake":1,"botania:green_mystical_flower":1,"minecraft:deepslate_redstone_ore":5,"minecraft:acacia_leaves":2,"botania:lime_mystical_flower":6,"minecraft:basalt":7,"minecraft:blackstone":16,"minecraft:soul_sand":42,"minecraft:crimson_nylium":29,"minecraft:oak_fence":3,"minecraft:crafting_table":1,"minecraft:calcite":5,"minecraft:poppy":1,"minecraft:melon":1,"minecraft:chest":3,"minecraft:campfire":2,"minecraft:nether_quartz_ore":147,"minecraft:copper_ore":6,"minecraft:glass":1,"minecraft:tall_grass":5,"botania:blue_mystical_flower":6,"minecraft:deepslate_gold_ore":18,"minecraft:oak_planks":1,"minecraft:sugar_cane":30,"minecraft:coarse_dirt":3,"minecraft:nether_wart_block":5,"minecraft:birch_log":12,"minecraft:birch_leaves":1,"minecraft:yellow_bed":1,"minecraft:grass":8,"minecraft:oak_log":75,"minecraft:coal_ore":56,"minecraft:gravel":38,"minecraft:dirt":52,"minecraft:sand":15,"minecraft:stone_bricks":3,"minecraft:ancient_debris":20,"minecraft:netherrack":1580,"minecraft:gold_ore":10,"minecraft:oak_leaves":12,"minecraft:deepslate":234},"minecraft:custom":{"minecraft:interact_with_smithing_table":26,"minecraft:mob_kills":105,"minecraft:interact_with_crafting_table":29,"minecraft:damage_dealt_resisted":113,"minecraft:eat_cake_slice":15,"minecraft:leave_game":6,"minecraft:time_since_death":54454,"minecraft:climb_one_cm":2229,"minecraft:walk_one_cm":847732,"minecraft:sprint_one_cm":520228,"minecraft:drop":99,"minecraft:talked_to_villager":6,"minecraft:play_time":347042,"minecraft:sneak_time":9048,"minecraft:deaths":4,"minecraft:walk_under_water_one_cm":6966,"minecraft:jump":2895,"minecraft:walk_on_water_one_cm":8122,"minecraft:total_world_time":347042,"minecraft:interact_with_furnace":56,"minecraft:traded_with_villager":11,"minecraft:sleep_in_bed":11,"minecraft:time_since_rest":54479,"minecraft:damage_taken":4178,"minecraft:damage_dealt":13189,"minecraft:swim_one_cm":1422,"minecraft:player_kills":2,"minecraft:fly_one_cm":409701,"minecraft:open_chest":110,"minecraft:crouch_one_cm":20468,"minecraft:fall_one_cm":75013},"minecraft:dropped":{"minecraft:crimson_stem":12,"minecraft:bread":10,"minecraft:iron_sword":1,"minecraft:birch_planks":12,"minecraft:wheat_seeds":6,"minecraft:oak_log":5,"minecraft:mossy_cobblestone":10,"gamma_beasts:coal_nugget":21,"immersive_aircraft:biplane":1,"minecraft:book":2,"minecraft:leather_helmet":2,"minecraft:dirt":9,"minecraft:grass":1,"minecraft:mutton":2,"minecraft:nether_wart_block":1,"minecraft:rabbit":1,"minecraft:iron_shovel":1,"minecraft:light_blue_banner":1,"minecraft:white_wool":2,"minecraft:bone":4,"minecraft:gravel":2,"minecraft:cobbled_deepslate":68,"botania:brown_mystical_flower":2,"minecraft:tuff":21,"minecraft:birch_sapling":1,"minecraft:obsidian":7,"minecraft:raw_iron":1,"minecraft:tall_grass":5,"minecraft:rotten_flesh":7,"minecraft:azure_bluet":2,"minecraft:flint_and_steel":1,"minecraft:potato":12,"minecraft:diamond_chestplate":1,"minecraft:oak_sapling":1,"minecraft:acacia_sapling":12,"born_in_chaos_v1:charmof_resistance":1,"minecraft:arrow":1,"minecraft:bow":1,"minecraft:stone_pickaxe":1,"minecraft:wooden_pickaxe":2,"minecraft:netherrack":950},"minecraft:crafted":{"minecraft:oak_planks":32,"minecraft:netherite_sword":2,"minecraft:cooked_chicken":6,"minecraft:diamond_shovel":1,"minecraft:cooked_mutton":3,"minecraft:netherite_chestplate":1,"minecraft:diamond_helmet":1,"minecraft:diamond_leggings":1,"minecraft:iron_axe":1,"minecraft:chest":2,"minecraft:diamond_boots":2,"minecraft:netherite_scrap":14,"minecraft:golden_boots":2,"minecraft:netherite_pickaxe":1,"minecraft:diamond_sword":2,"sophisticatedbackpacks:backpack":1,"minecraft:cooked_porkchop":2,"minecraft:diamond_axe":1,"minecraft:crafting_table":1,"minecraft:copper_ingot":12,"minecraft:bucket":1,"minecraft:birch_planks":28,"minecraft:bread":66,"minecraft:air":0,"minecraft:golden_leggings":1,"minecraft:diamond_pickaxe":2,"minecraft:stick":52,"minecraft:iron_ingot":37,"minecraft:gold_ingot":65,"minecraft:iron_leggings":1,"minecraft:netherite_ingot":3,"create:zinc_ingot":26,"minecraft:diamond_chestplate":2}},"DataVersion":3465}