{"stats":{"minecraft:dropped":{"minecraft:bread":9,"minecraft:iron_sword":1,"minecraft:birch_planks":12,"minecraft:wheat_seeds":6,"minecraft:oak_log":5,"minecraft:mossy_cobblestone":10,"gamma_beasts:coal_nugget":21,"immersive_aircraft:biplane":1,"minecraft:book":2,"minecraft:leather_helmet":2,"minecraft:dirt":9,"minecraft:grass":1,"minecraft:mutton":2,"minecraft:nether_wart_block":1,"minecraft:rabbit":1,"skilltree:gem":1,"minecraft:iron_shovel":1,"minecraft:light_blue_banner":1,"minecraft:white_wool":2,"minecraft:bone":4,"minecraft:gravel":2,"minecraft:cobbled_deepslate":68,"botania:brown_mystical_flower":2,"minecraft:tuff":21,"minecraft:birch_sapling":1,"minecraft:obsidian":7,"minecraft:raw_iron":1,"minecraft:tall_grass":5,"minecraft:rotten_flesh":5,"minecraft:azure_bluet":2,"minecraft:potato":12,"minecraft:diamond_chestplate":1,"minecraft:acacia_sapling":12,"minecraft:oak_sapling":1,"minecraft:arrow":1,"minecraft:bow":1,"minecraft:stone_pickaxe":1,"minecraft:wooden_pickaxe":2,"minecraft:netherrack":34},"minecraft:custom":{"minecraft:interact_with_smithing_table":12,"minecraft:mob_kills":13,"minecraft:interact_with_crafting_table":22,"minecraft:eat_cake_slice":15,"minecraft:leave_game":3,"minecraft:time_since_death":26438,"minecraft:climb_one_cm":1413,"minecraft:sprint_one_cm":331621,"minecraft:walk_one_cm":424700,"minecraft:drop":73,"minecraft:talked_to_villager":6,"minecraft:deaths":1,"minecraft:play_time":203625,"minecraft:sneak_time":4645,"minecraft:walk_under_water_one_cm":6808,"minecraft:jump":1942,"minecraft:walk_on_water_one_cm":7466,"minecraft:total_world_time":203625,"minecraft:interact_with_furnace":40,"minecraft:traded_with_villager":11,"minecraft:sleep_in_bed":9,"minecraft:time_since_rest":26478,"minecraft:damage_taken":1662,"minecraft:damage_dealt":3269,"minecraft:swim_one_cm":995,"minecraft:player_kills":1,"minecraft:fly_one_cm":283754,"minecraft:open_chest":76,"minecraft:crouch_one_cm":11052,"minecraft:fall_one_cm":50683},"minecraft:used":{"minecraft:iron_shovel":136,"minecraft:chest":3,"minecraft:iron_sword":24,"minecraft:cooked_chicken":6,"minecraft:dirt":29,"minecraft:obsidian":9,"minecraft:iron_axe":112,"immersive_aircraft:biplane":3,"minecraft:water_bucket":7,"minecraft:leather_leggings":1,"minecraft:stone_pickaxe":69,"minecraft:leather_chestplate":1,"minecraft:chainmail_helmet":1,"minecraft:diamond_axe":3,"minecraft:leather_boots":1,"minecraft:cookie":2,"minecraft:crafting_table":2,"minecraft:diamond_pickaxe":1429,"minecraft:diamond_shovel":105,"minecraft:melon_slice":13,"minecraft:bread":13,"minecraft:leather_helmet":1,"minecraft:nether_wart_block":1,"projecte:philosophers_stone":14,"minecraft:diamond_sword":21,"minecraft:cobblestone":89,"minecraft:cooked_porkchop":4,"minecraft:bucket":8,"minecraft:yellow_bed":1,"minecraft:experience_bottle":5},"minecraft:picked_up":{"minecraft:charcoal":4,"minecraft:crafting_table":1,"botania:brown_double_flower":1,"minecraft:azure_bluet":2,"minecraft:chicken":5,"minecraft:golden_pickaxe":1,"minecraft:wooden_pickaxe":1,"minecraft:oak_stairs":1,"minecraft:stone_brick_wall":2,"minecraft:enchanted_book":1,"minecraft:string":4,"minecraft:raw_copper":21,"immersive_aircraft:biplane":4,"born_in_chaos_v1:intoxicating_decoction":2,"minecraft:experience_bottle":4,"botania:magenta_mystical_flower":9,"minecraft:shroomlight":4,"minecraft:gold_nugget":62,"minecraft:candle":4,"minecraft:cobbled_deepslate":133,"minecraft:calcite":5,"minecraft:sugar_cane":50,"minecraft:chest":3,"minecraft:birch_sapling":1,"minecraft:stick":4,"minecraft:raw_iron":74,"born_in_chaos_v1:shattered_skull":3,"minecraft:oak_fence":1,"minecraft:porkchop":2,"botania:lime_double_flower":1,"minecraft:redstone":60,"minecraft:weeping_vines":1,"minecraft:diamond_chestplate":1,"minecraft:arrow":1,"minecraft:rotten_flesh":8,"botania:lime_mystical_flower":4,"minecraft:hay_block":14,"botania:blue_mystical_flower":6,"minecraft:red_tulip":14,"create:asurine":7,"gamma_beasts:coal_nugget":21,"minecraft:gold_ingot":2,"minecraft:mutton":2,"minecraft:obsidian":2,"minecraft:white_wool":2,"minecraft:cobblestone":263,"minecraft:birch_log":14,"minecraft:magma_block":2,"minecraft:crimson_stem":15,"minecraft:leather":10,"gamma_beasts:prehnite":2,"minecraft:potato":4,"minecraft:crimson_fungus":2,"minecraft:tuff":21,"create:raw_zinc":17,"minecraft:oak_log":61,"minecraft:ancient_debris":3,"minecraft:yellow_bed":1,"minecraft:nether_wart_block":5,"minecraft:lapis_lazuli":33,"skilltree:gem":43,"minecraft:dirt":150,"minecraft:lantern":2,"minecraft:bone":4,"minecraft:light_blue_banner":2,"minecraft:stone_bricks":2,"minecraft:bow":1,"minecraft:wheat_seeds":7,"minecraft:raw_gold":28,"minecraft:rabbit":1,"minecraft:tall_grass":3,"minecraft:iron_sword":1,"minecraft:acacia_sapling":7,"minecraft:oak_planks":1,"minecraft:book":2,"minecraft:cooked_porkchop":2,"born_in_chaos_v1:ethereal_spirit":1,"minecraft:quartz":76,"minecraft:gravel":2,"minecraft:leather_helmet":1,"minecraft:mossy_cobblestone":10,"born_in_chaos_v1:fire_dust":4,"minecraft:diamond":45,"minecraft:writable_book":1,"minecraft:iron_helmet":1,"minecraft:grass":1,"minecraft:emerald":1,"minecraft:bread":7,"minecraft:oak_sapling":1,"minecraft:crimson_roots":1,"minecraft:netherrack":531,"botania:brown_mystical_flower":4,"minecraft:coal":139},"minecraft:mined":{"create:zinc_ore":17,"minecraft:nether_gold_ore":22,"minecraft:tuff":49,"minecraft:mossy_cobblestone":2,"minecraft:candle":1,"minecraft:deepslate_diamond_ore":45,"minecraft:obsidian":2,"minecraft:grass_block":126,"minecraft:stone_brick_wall":3,"minecraft:crimson_roots":3,"botania:brown_double_flower":1,"minecraft:deepslate_tile_stairs":1,"minecraft:crimson_fungus":2,"minecraft:rooted_dirt":2,"minecraft:crimson_stem":15,"minecraft:magma_block":4,"minecraft:hay_block":15,"minecraft:weeping_vines_plant":1,"minecraft:light_blue_wall_banner":1,"minecraft:redstone_ore":8,"botania:magenta_mystical_flower":9,"minecraft:fire":1,"minecraft:iron_ore":49,"minecraft:cobbled_deepslate":1,"gamma_beasts:prehnite_ore":2,"botania:lime_double_flower":1,"minecraft:deepslate_lapis_ore":6,"minecraft:azure_bluet":1,"create:asurine":8,"minecraft:red_tulip":8,"minecraft:deepslate_iron_ore":24,"minecraft:shroomlight":4,"minecraft:dirt_path":1,"minecraft:oak_stairs":1,"botania:brown_mystical_flower":2,"minecraft:stone":264,"minecraft:cake":1,"botania:green_mystical_flower":1,"minecraft:deepslate_redstone_ore":5,"minecraft:acacia_leaves":2,"botania:lime_mystical_flower":5,"minecraft:crimson_nylium":19,"minecraft:oak_fence":3,"minecraft:crafting_table":1,"minecraft:calcite":5,"minecraft:melon":1,"minecraft:chest":3,"minecraft:campfire":2,"minecraft:glass":1,"minecraft:nether_quartz_ore":77,"minecraft:copper_ore":6,"minecraft:tall_grass":3,"botania:blue_mystical_flower":6,"minecraft:deepslate_gold_ore":18,"minecraft:sugar_cane":30,"minecraft:oak_planks":1,"minecraft:coarse_dirt":3,"minecraft:nether_wart_block":5,"minecraft:birch_log":12,"minecraft:yellow_bed":1,"minecraft:grass":5,"minecraft:oak_log":63,"minecraft:coal_ore":56,"minecraft:gravel":8,"minecraft:dirt":48,"minecraft:stone_bricks":3,"minecraft:ancient_debris":3,"minecraft:netherrack":521,"minecraft:gold_ore":10,"minecraft:oak_leaves":5,"minecraft:deepslate":234},"minecraft:crafted":{"minecraft:oak_planks":16,"minecraft:cooked_chicken":6,"minecraft:diamond_shovel":1,"minecraft:cooked_mutton":3,"minecraft:diamond_helmet":1,"minecraft:diamond_leggings":1,"minecraft:iron_axe":1,"minecraft:chest":2,"minecraft:diamond_boots":2,"minecraft:netherite_scrap":3,"minecraft:golden_boots":2,"minecraft:diamond_sword":2,"sophisticatedbackpacks:backpack":1,"minecraft:diamond_axe":1,"minecraft:cooked_porkchop":2,"minecraft:crafting_table":1,"minecraft:copper_ingot":12,"minecraft:bucket":1,"minecraft:birch_planks":28,"minecraft:bread":66,"minecraft:air":0,"minecraft:diamond_pickaxe":2,"minecraft:stick":20,"minecraft:iron_ingot":20,"minecraft:gold_ingot":32,"minecraft:iron_leggings":1,"minecraft:netherite_ingot":1,"minecraft:diamond_chestplate":2},"minecraft:killed":{"born_in_chaos_v1:zombie_clown":1,"born_in_chaos_v1:restless_spirit":1,"born_in_chaos_v1:firelight":3,"minecraft:skeleton":1,"minecraft:horse":4,"minecraft:bee":1,"born_in_chaos_v1:firelight_not_despawn":1,"minecraft:sheep":1}},"DataVersion":3465}