{"stats":{"minecraft:dropped":{"create:mechanical_saw":1,"born_in_chaos_v1:corpse_maggot":3,"create:hand_crank":1,"projecte:philosophers_stone":1},"minecraft:custom":{"minecraft:time_since_rest":64776,"minecraft:sprint_one_cm":95582,"minecraft:damage_taken":275,"minecraft:walk_one_cm":146100,"minecraft:mob_kills":4,"minecraft:drop":4,"minecraft:damage_dealt":868,"minecraft:interact_with_crafting_table":16,"minecraft:fly_one_cm":88349,"minecraft:open_chest":12,"minecraft:crouch_one_cm":9269,"minecraft:play_time":64776,"minecraft:sneak_time":2712,"minecraft:damage_dealt_resisted":10,"minecraft:jump":481,"minecraft:leave_game":1,"minecraft:time_since_death":64776,"minecraft:walk_on_water_one_cm":240,"minecraft:total_world_time":64776,"minecraft:fall_one_cm":11117},"minecraft:used":{"minecraft:oak_log":6,"minecraft:apple":1,"minecraft:diamond_shovel":102,"create:wrench":23,"minecraft:iron_axe":134,"minecraft:bread":9,"minecraft:iron_pickaxe":4,"minecraft:oak_planks":1,"minecraft:iron_sword":13,"immersive_aircraft:quadrocopter":1,"create:mechanical_saw":4,"minecraft:dirt":12,"create:hand_crank":6,"immersive_aircraft:biplane":3,"minecraft:stripped_oak_log":1},"minecraft:picked_up":{"minecraft:stripped_oak_log":1,"minecraft:birch_log":23,"born_in_chaos_v1:corpse_maggot":3,"minecraft:stick":24,"create:andesite_casing":1,"immersive_aircraft:rotary_cannon":1,"minecraft:oak_log":95,"create:andesite_alloy":29,"create:hand_crank":6,"minecraft:spider_eye":1,"minecraft:dirt":103,"immersive_aircraft:biplane":3,"minecraft:bone":4,"minecraft:rotten_flesh":4,"minecraft:apple":3,"projecte:philosophers_stone":1,"minecraft:red_tulip":11,"immersive_aircraft:quadrocopter":1,"minecraft:oak_sapling":27,"minecraft:coal_block":5,"minecraft:birch_sapling":3,"minecraft:oak_planks":1,"create:mechanical_saw":1},"minecraft:mined":{"create:mechanical_saw":1,"minecraft:birch_log":23,"create:andesite_casing":1,"minecraft:bee_nest":1,"minecraft:grass":7,"minecraft:red_tulip":10,"minecraft:grass_block":86,"minecraft:oak_log":70,"create:hand_crank":3,"minecraft:dirt":14,"minecraft:stripped_oak_log":1,"minecraft:tall_grass":4,"minecraft:oak_planks":1,"minecraft:oak_leaves":77},"minecraft:crafted":{"minecraft:dispenser":1,"minecraft:oak_planks":8,"immersive_aircraft:enhanced_propeller":1,"create:wrench":1,"minecraft:shield":1,"create:mechanical_saw":1,"immersive_aircraft:rotary_cannon":1,"immersive_aircraft:industrial_gears":1,"create:goggles":1,"create:shaft":8,"immersive_aircraft:quadrocopter":1,"minecraft:lever":1,"create:cogwheel":1,"immersive_aircraft:propeller":5,"immersive_aircraft:engine":1},"minecraft:killed":{"born_in_chaos_v1:bloody_gadfly":1,"born_in_chaos_v1:corpse_fly":1,"minecraft:spider":1,"born_in_chaos_v1:decrepit_skeleton":1}},"DataVersion":3465}