{"stats":{"minecraft:used":{"botania:hydroangeas":2,"botania:red_double_flower":1,"born_in_chaos_v1:ethereal_spirit":3,"minecraft:stone":40,"minecraft:iron_sword":89,"immersive_aircraft:quadrocopter":7,"minecraft:torch":23,"minecraft:dirt":60,"minecraft:allium":5,"botania:twig_wand":47,"botania:purple_mystical_flower":1,"minecraft:azure_bluet":6,"projecte:destruction_catalyst":45,"create:wrench":23,"minecraft:iron_axe":150,"botania:mana_pool":1,"immersive_aircraft:biplane":3,"minecraft:cobbled_deepslate":114,"botania:runic_altar":1,"minecraft:water_bucket":25,"botania:endoflame":2,"minecraft:oak_planks":1,"botania:mana_spreader":5,"gamma_beasts:prehnite_sword":80,"create:mechanical_saw":4,"botania:fertilizer":3,"botania:apothecary_default":1,"minecraft:oak_log":6,"minecraft:apple":1,"minecraft:diamond_shovel":580,"man_of_many_planes:scarlet_biplane":3,"minecraft:bread":51,"minecraft:iron_pickaxe":210,"minecraft:gravel":18,"projecte:philosophers_stone":22,"botania:pure_daisy":6,"minecraft:birch_log":6,"immersive_aircraft:gyrodyne":1,"minecraft:bucket":28,"create:hand_crank":6,"minecraft:stripped_oak_log":1},"minecraft:picked_up":{"born_in_chaos_v1:diamond_termite_shard":4,"minecraft:allium":5,"minecraft:azure_bluet":8,"botania:mana_tablet":4,"botania:mana_pearl":3,"botania:endoflame":2,"minecraft:raw_copper":16,"immersive_aircraft:biplane":3,"minecraft:cobbled_deepslate":683,"botania:pure_daisy":3,"botania:hydroangeas":2,"born_in_chaos_v1:gnawed_bones":1,"minecraft:birch_sapling":3,"minecraft:coal_block":7,"minecraft:stick":24,"botania:crafting_halo":1,"botania:yellow_mystical_flower":1,"minecraft:torch":9,"create:andesite_casing":1,"minecraft:porkchop":3,"immersive_aircraft:rotary_cannon":1,"create:hand_crank":6,"born_in_chaos_v1:nightmare_claw":2,"born_in_chaos_v1:pieceofdarkmetal":2,"minecraft:redstone":74,"botania:manasteel_ingot":28,"minecraft:rotten_flesh":13,"man_of_many_planes:scarlet_biplane":3,"botania:lime_mystical_flower":1,"botania:livingrock":40,"born_in_chaos_v1:sea_terror_eye":2,"minecraft:red_tulip":18,"gamma_beasts:coal_nugget":7,"botania:livingwood_log":4,"minecraft:cobblestone":252,"born_in_chaos_v1:fused_bone":1,"minecraft:stripped_oak_log":1,"minecraft:birch_log":30,"born_in_chaos_v1:corpse_maggot":4,"born_in_chaos_v1:monster_flesh":1,"minecraft:water_bucket":1,"gamma_beasts:prehnite":17,"minecraft:flint":3,"minecraft:tuff":6,"create:raw_zinc":22,"minecraft:oak_log":95,"create:andesite_alloy":35,"minecraft:gunpowder":181,"immersive_aircraft:gyrodyne":1,"minecraft:dirt":498,"botania:mana_diamond":1,"born_in_chaos_v1:monster_skin":4,"minecraft:bone":6,"projecte:iron_band":1,"minecraft:apple":3,"minecraft:wheat_seeds":6,"minecraft:orange_tulip":7,"minecraft:raw_gold":4,"gamma_beasts:book":1,"botania:purple_mystical_flower":2,"minecraft:iron_ingot":10,"projecte:philosophers_stone":1,"minecraft:oak_planks":10,"botania:mana_spreader":2,"create:mechanical_saw":1,"projecte:mobius_fuel":12,"born_in_chaos_v1:ethereal_spirit":3,"minecraft:gravel":39,"minecraft:sand":166,"botania:white_petal":4,"minecraft:spruce_log":2,"minecraft:spider_eye":1,"minecraft:diamond":8,"immersive_aircraft:quadrocopter":7,"minecraft:oak_sapling":27,"born_in_chaos_v1:rotten_fish":1,"botania:brown_mystical_flower":1,"minecraft:coal":47,"born_in_chaos_v1:sea_terror_stomach":1,"minecraft:ender_pearl":1},"minecraft:killed":{"minecraft:cave_spider":1,"born_in_chaos_v1:zombie_lumberjack":1,"born_in_chaos_v1:skeleton_demoman":1,"minecraft:spider":3,"minecraft:skeleton":1,"born_in_chaos_v1:corpse_fish":1,"minecraft:pig":1,"born_in_chaos_v1:diamond_termite":6,"born_in_chaos_v1:glutton_fish":1,"gamma_beasts:careyatros_a":1,"minecraft:creeper":2,"born_in_chaos_v1:decrepit_skeleton":1,"born_in_chaos_v1:bloody_gadfly":1,"minecraft:zombie":2,"born_in_chaos_v1:dread_hound":2,"born_in_chaos_v1:corpse_fly":3,"born_in_chaos_v1:nightmare_stalker":1,"born_in_chaos_v1:siamese_skeletonsleft":1,"minecraft:enderman":1},"minecraft:mined":{"create:deepslate_zinc_ore":19,"minecraft:deepslate_diamond_ore":7,"create:andesite_casing":1,"minecraft:allium":10,"botania:livingwood_log":4,"minecraft:grass_block":344,"botania:light_gray_mystical_flower":4,"botania:purple_mystical_flower":6,"minecraft:cobbled_deepslate":6,"minecraft:fire":20,"minecraft:azure_bluet":11,"minecraft:red_tulip":11,"botania:livingrock":40,"botania:pure_daisy":1,"minecraft:stripped_oak_log":1,"botania:mana_spreader":2,"botania:brown_mystical_flower":1,"minecraft:stone":97,"botania:light_blue_mystical_flower":1,"minecraft:deepslate_redstone_ore":2,"botania:lime_mystical_flower":3,"born_in_chaos_v1:infected_deepslate_diamond_ore":3,"minecraft:torch":3,"botania:hydroangeas":1,"minecraft:tall_grass":4,"botania:blue_mystical_flower":2,"minecraft:oak_planks":1,"botania:black_mystical_flower":1,"minecraft:wall_torch":1,"create:mechanical_saw":1,"gamma_beasts:deepslate_prehnite_ore":13,"botania:cyan_mystical_flower":1,"botania:red_double_flower":1,"minecraft:birch_log":30,"minecraft:orange_tulip":1,"minecraft:bee_nest":1,"minecraft:grass":14,"botania:yellow_mystical_flower":1,"minecraft:oak_log":70,"minecraft:coal_ore":5,"create:hand_crank":3,"minecraft:gravel":35,"minecraft:sand":185,"minecraft:dirt":21,"botania:gray_mystical_flower":2,"minecraft:cobweb":2,"minecraft:oak_leaves":77,"minecraft:deepslate":11},"minecraft:custom":{"minecraft:mob_kills":31,"minecraft:interact_with_crafting_table":41,"minecraft:damage_dealt_resisted":30,"minecraft:leave_game":5,"minecraft:time_since_death":341109,"minecraft:damage_resisted":201,"minecraft:sprint_one_cm":397848,"minecraft:walk_one_cm":616104,"minecraft:drop":143,"minecraft:play_time":341109,"minecraft:sneak_time":13423,"minecraft:walk_under_water_one_cm":25078,"minecraft:jump":1559,"minecraft:walk_on_water_one_cm":29798,"minecraft:total_world_time":341109,"minecraft:interact_with_furnace":4,"minecraft:sleep_in_bed":6,"minecraft:time_since_rest":54938,"minecraft:damage_taken":1522,"minecraft:damage_dealt":6616,"minecraft:fly_one_cm":293945,"minecraft:swim_one_cm":19976,"minecraft:open_chest":34,"minecraft:crouch_one_cm":25444,"minecraft:fall_one_cm":29037},"minecraft:dropped":{"minecraft:water_bucket":1,"minecraft:iron_ingot":37,"minecraft:wheat_seeds":10,"gamma_beasts:prehnite_armor_helmet":1,"minecraft:ender_pearl":3,"minecraft:diamond":2,"create:mechanical_saw":1,"botania:red_petal":2,"botania:cyan_petal":2,"minecraft:cobblestone":193,"minecraft:apple":2,"botania:crafting_halo":1,"born_in_chaos_v1:sea_terror_eye":2,"minecraft:flint":1,"born_in_chaos_v1:monster_flesh":1,"gamma_beasts:prehnite_armor_leggings":1,"minecraft:dirt":16,"gamma_beasts:book":1,"minecraft:torch":1,"gamma_beasts:prehnite_armor_boots":1,"projecte:philosophers_stone":1,"botania:white_petal":10,"minecraft:bone":6,"botania:blue_mushroom":4,"botania:light_gray_petal":3,"minecraft:cobbled_deepslate":65,"minecraft:raw_copper":16,"born_in_chaos_v1:ethereal_spirit":2,"minecraft:rotten_flesh":12,"botania:purple_mystical_flower":2,"minecraft:oak_planks":9,"botania:mana_tablet":4,"botania:manasteel_ingot":1,"gamma_beasts:prehnite_armor_chestplate":1,"botania:cyan_mystical_flower":2,"born_in_chaos_v1:corpse_maggot":4,"create:hand_crank":1,"projecte:mobius_fuel":20,"minecraft:spider_eye":1,"projecte:iron_band":1,"botania:brown_petal":4,"create:andesite_alloy":6,"botania:red_double_flower":4,"botania:brown_double_flower":9},"minecraft:crafted":{"immersive_aircraft:engine":1,"botania:brown_petal":10,"botania:manasteel_leggings":1,"minecraft:magenta_wool":5,"minecraft:oak_planks":8,"botania:blue_mushroom":4,"create:wrench":1,"botania:manasteel_boots":1,"botania:purple_petal":2,"botania:auto_crafting_halo":1,"gamma_beasts:book":1,"botania:mana_pool":1,"projecte:nova_catalyst":4,"botania:blue_petal":4,"minecraft:stone":1,"minecraft:lever":1,"gamma_beasts:prehnite_armor_chestplate":1,"botania:red_petal":8,"gamma_beasts:prehnite_sword":1,"botania:twig_wand":1,"botania:manasteel_chestplate":1,"botania:flower_bag":1,"man_of_many_planes:scarlet_biplane":1,"gamma_beasts:prehnite_armor_helmet":1,"immersive_aircraft:quadrocopter":1,"botania:light_gray_petal":4,"projecte:destruction_catalyst":1,"minecraft:magenta_dye":6,"create:cogwheel":1,"botania:manasteel_helmet":1,"minecraft:red_dye":8,"botania:fertilizer":3,"botania:cyan_petal":2,"gamma_beasts:prehnite_armor_boots":1,"immersive_aircraft:enhanced_propeller":1,"minecraft:crafting_table":1,"create:mechanical_saw":1,"botania:yellow_petal":2,"immersive_aircraft:rotary_cannon":1,"minecraft:brown_dye":4,"botania:mana_spreader":1,"create:goggles":1,"immersive_aircraft:industrial_gears":1,"botania:lexicon":1,"botania:livingwood_twig":14,"botania:lime_petal":6,"gamma_beasts:leather_saddle":1,"immersive_aircraft:propeller":5,"minecraft:blue_dye":4,"minecraft:dispenser":1,"botania:crafting_halo":1,"botania:runic_altar":1,"minecraft:shield":1,"botania:mana_tablet":1,"gamma_beasts:prehnite_armor_leggings":1,"projecte:iron_band":1,"botania:apothecary_default":1,"create:shaft":8,"minecraft:torch":24}},"DataVersion":3465}