{"stats":{"minecraft:dropped":{"create:mechanical_saw":1,"born_in_chaos_v1:corpse_maggot":3,"create:hand_crank":1,"projecte:philosophers_stone":1},"minecraft:mined":{"create:andesite_casing":1,"minecraft:grass_block":86,"minecraft:tall_grass":4,"minecraft:oak_planks":1,"create:mechanical_saw":1,"minecraft:birch_log":23,"minecraft:bee_nest":1,"minecraft:grass":7,"minecraft:red_tulip":10,"minecraft:oak_log":70,"create:hand_crank":3,"minecraft:dirt":14,"minecraft:stripped_oak_log":1,"minecraft:oak_leaves":77},"minecraft:custom":{"minecraft:interact_with_furnace":1,"minecraft:mob_kills":8,"minecraft:interact_with_crafting_table":18,"minecraft:damage_dealt_resisted":10,"minecraft:leave_game":2,"minecraft:time_since_death":82205,"minecraft:sleep_in_bed":1,"minecraft:time_since_rest":1741,"minecraft:sprint_one_cm":106796,"minecraft:damage_taken":334,"minecraft:walk_one_cm":167631,"minecraft:drop":4,"minecraft:damage_dealt":1418,"minecraft:swim_one_cm":3746,"minecraft:fly_one_cm":101473,"minecraft:open_chest":15,"minecraft:crouch_one_cm":9387,"minecraft:play_time":82205,"minecraft:sneak_time":3129,"minecraft:walk_under_water_one_cm":941,"minecraft:jump":566,"minecraft:walk_on_water_one_cm":481,"minecraft:total_world_time":82205,"minecraft:fall_one_cm":12371},"minecraft:killed":{"minecraft:pig":1,"born_in_chaos_v1:skeleton_demoman":1,"minecraft:spider":1,"born_in_chaos_v1:decrepit_skeleton":1,"born_in_chaos_v1:bloody_gadfly":1,"born_in_chaos_v1:corpse_fly":3},"minecraft:crafted":{"immersive_aircraft:engine":1,"minecraft:oak_planks":8,"immersive_aircraft:enhanced_propeller":1,"create:wrench":1,"create:mechanical_saw":1,"immersive_aircraft:rotary_cannon":1,"create:goggles":1,"immersive_aircraft:industrial_gears":1,"minecraft:lever":1,"immersive_aircraft:propeller":5,"minecraft:dispenser":1,"minecraft:shield":1,"man_of_many_planes:scarlet_biplane":1,"create:shaft":8,"immersive_aircraft:quadrocopter":1,"create:cogwheel":1},"minecraft:used":{"minecraft:oak_planks":1,"minecraft:iron_sword":20,"create:mechanical_saw":4,"immersive_aircraft:quadrocopter":1,"minecraft:dirt":12,"minecraft:oak_log":6,"minecraft:apple":1,"minecraft:diamond_shovel":102,"create:wrench":23,"man_of_many_planes:scarlet_biplane":2,"minecraft:iron_axe":138,"minecraft:bread":11,"minecraft:iron_pickaxe":4,"create:hand_crank":6,"minecraft:stripped_oak_log":1,"immersive_aircraft:biplane":3},"minecraft:picked_up":{"minecraft:birch_log":23,"minecraft:stripped_oak_log":1,"born_in_chaos_v1:corpse_maggot":4,"minecraft:oak_log":95,"create:andesite_alloy":29,"minecraft:gunpowder":130,"minecraft:dirt":103,"immersive_aircraft:biplane":3,"minecraft:bone":6,"minecraft:apple":3,"projecte:philosophers_stone":1,"minecraft:coal_block":5,"minecraft:birch_sapling":3,"minecraft:oak_planks":1,"create:mechanical_saw":1,"minecraft:stick":24,"create:andesite_casing":1,"minecraft:porkchop":3,"immersive_aircraft:rotary_cannon":1,"create:hand_crank":6,"minecraft:spider_eye":1,"man_of_many_planes:scarlet_biplane":2,"minecraft:rotten_flesh":4,"minecraft:red_tulip":11,"immersive_aircraft:quadrocopter":1,"minecraft:oak_sapling":27}},"DataVersion":3465}