{
  "minecraft:recipes/decorations/crafting_table": {
    "criteria": {
      "unlock_right_away": "2024-05-15 03:04:04 +0000"
    },
    "done": true
  },
  "storagedrawers:recipes/storagedrawers/one_stack_upgrade": {
    "criteria": {
      "has_template": "2024-05-15 03:05:08 +0000"
    },
    "done": true
  },
  "create:root": {
    "criteria": {
      "0": "2024-05-15 03:05:08 +0000"
    },
    "done": true
  },
  "storagedrawers:recipes/storagedrawers/diamond_storage_upgrade": {
    "criteria": {
      "has_template": "2024-05-15 03:05:08 +0000"
    },
    "done": true
  },
  "storagedrawers:recipes/storagedrawers/illumination_upgrade": {
    "criteria": {
      "has_template": "2024-05-15 03:05:08 +0000"
    },
    "done": true
  },
  "storagedrawers:recipes/storagedrawers/acacia_trim": {
    "criteria": {
      "has_planks": "2024-05-15 03:05:08 +0000"
    },
    "done": true
  },
  "storagedrawers:recipes/storagedrawers/crimson_trim": {
    "criteria": {
      "has_planks": "2024-05-15 03:05:08 +0000"
    },
    "done": true
  },
  "storagedrawers:recipes/storagedrawers/concealment_key": {
    "criteria": {
      "has_template": "2024-05-15 03:05:08 +0000"
    },
    "done": true
  },
  "storagedrawers:recipes/storagedrawers/drawer_key": {
    "criteria": {
      "has_template": "2024-05-15 03:05:08 +0000"
    },
    "done": true
  },
  "storagedrawers:recipes/storagedrawers/min_redstone_upgrade": {
    "criteria": {
      "has_template": "2024-05-15 03:05:08 +0000"
    },
    "done": true
  },
  "storagedrawers:recipes/storagedrawers/gold_storage_upgrade": {
    "criteria": {
      "has_template": "2024-05-15 03:05:08 +0000"
    },
    "done": true
  },
  "storagedrawers:recipes/storagedrawers/birch_trim": {
    "criteria": {
      "has_planks": "2024-05-15 03:05:08 +0000"
    },
    "done": true
  },
  "storagedrawers:recipes/storagedrawers/void_upgrade": {
    "criteria": {
      "has_template": "2024-05-15 03:05:08 +0000"
    },
    "done": true
  },
  "storagedrawers:recipes/storagedrawers/warped_trim": {
    "criteria": {
      "has_planks": "2024-05-15 03:05:08 +0000"
    },
    "done": true
  },
  "storagedrawers:recipes/storagedrawers/jungle_trim": {
    "criteria": {
      "has_planks": "2024-05-15 03:05:08 +0000"
    },
    "done": true
  },
  "storagedrawers:recipes/storagedrawers/fill_level_upgrade": {
    "criteria": {
      "has_template": "2024-05-15 03:05:08 +0000"
    },
    "done": true
  },
  "storagedrawers:recipes/storagedrawers/max_redstone_upgrade": {
    "criteria": {
      "has_template": "2024-05-15 03:05:08 +0000"
    },
    "done": true
  },
  "storagedrawers:recipes/storagedrawers/redstone_upgrade": {
    "criteria": {
      "has_template": "2024-05-15 03:05:08 +0000"
    },
    "done": true
  },
  "storagedrawers:recipes/storagedrawers/spruce_trim": {
    "criteria": {
      "has_planks": "2024-05-15 03:05:08 +0000"
    },
    "done": true
  },
  "storagedrawers:recipes/storagedrawers/quantify_key": {
    "criteria": {
      "has_template": "2024-05-15 03:05:08 +0000"
    },
    "done": true
  },
  "storagedrawers:recipes/storagedrawers/dark_oak_trim": {
    "criteria": {
      "has_planks": "2024-05-15 03:05:08 +0000"
    },
    "done": true
  },
  "storagedrawers:recipes/storagedrawers/oak_trim": {
    "criteria": {
      "has_planks": "2024-05-15 03:05:08 +0000"
    },
    "done": true
  },
  "storagedrawers:recipes/storagedrawers/emerald_storage_upgrade": {
    "criteria": {
      "has_template": "2024-05-15 03:05:08 +0000"
    },
    "done": true
  },
  "storagedrawers:recipes/storagedrawers/obsidian_storage_upgrade": {
    "criteria": {
      "has_template": "2024-05-15 03:05:08 +0000"
    },
    "done": true
  },
  "storagedrawers:recipes/storagedrawers/iron_storage_upgrade": {
    "criteria": {
      "has_template": "2024-05-15 03:05:08 +0000"
    },
    "done": true
  },
  "minecraft:recipes/combat/iron_helmet": {
    "criteria": {
      "has_iron_ingot": "2024-05-15 03:05:26 +0000"
    },
    "done": true
  },
  "immersive_aircraft:misc/aircraftery": {
    "criteria": {
      "has_item": "2024-05-15 03:05:26 +0000"
    },
    "done": true
  },
  "minecraft:recipes/tools/shears": {
    "criteria": {
      "has_iron_ingot": "2024-05-15 03:05:26 +0000"
    },
    "done": true
  },
  "minecraft:recipes/building_blocks/iron_block": {
    "criteria": {
      "has_iron_ingot": "2024-05-15 03:05:26 +0000"
    },
    "done": true
  },
  "create:recipes/misc/crafting/materials/andesite_alloy": {
    "criteria": {
      "has_item": "2024-05-15 03:05:26 +0000"
    },
    "done": true
  },
  "minecraft:recipes/redstone/hopper": {
    "criteria": {
      "has_iron_ingot": "2024-05-15 03:05:26 +0000"
    },
    "done": true
  },
  "minecraft:recipes/combat/iron_boots": {
    "criteria": {
      "has_iron_ingot": "2024-05-15 03:05:26 +0000"
    },
    "done": true
  },
  "minecraft:recipes/decorations/lantern": {
    "criteria": {
      "has_iron_ingot": "2024-05-15 03:05:26 +0000"
    },
    "done": true
  },
  "minecraft:recipes/tools/iron_shovel": {
    "criteria": {
      "has_iron_ingot": "2024-05-15 03:05:26 +0000"
    },
    "done": true
  },
  "minecraft:recipes/redstone/iron_trapdoor": {
    "criteria": {
      "has_iron_ingot": "2024-05-15 03:05:26 +0000"
    },
    "done": true
  },
  "minecraft:recipes/combat/crossbow": {
    "criteria": {
      "has_iron_ingot": "2024-05-15 03:05:26 +0000"
    },
    "done": true
  },
  "minecraft:recipes/redstone/heavy_weighted_pressure_plate": {
    "criteria": {
      "has_iron_ingot": "2024-05-15 03:05:26 +0000"
    },
    "done": true
  },
  "minecraft:recipes/combat/iron_leggings": {
    "criteria": {
      "has_iron_ingot": "2024-05-15 03:05:26 +0000"
    },
    "done": true
  },
  "minecraft:recipes/combat/iron_chestplate": {
    "criteria": {
      "has_iron_ingot": "2024-05-15 03:05:26 +0000"
    },
    "done": true
  },
  "minecraft:recipes/misc/iron_nugget": {
    "criteria": {
      "has_iron_ingot": "2024-05-15 03:05:26 +0000"
    },
    "done": true
  },
  "minecraft:recipes/misc/bucket": {
    "criteria": {
      "has_iron_ingot": "2024-05-15 03:05:26 +0000"
    },
    "done": true
  },
  "minecraft:recipes/transportation/minecart": {
    "criteria": {
      "has_iron_ingot": "2024-05-15 03:05:26 +0000"
    },
    "done": true
  },
  "minecraft:recipes/tools/iron_hoe": {
    "criteria": {
      "has_iron_ingot": "2024-05-15 03:05:26 +0000"
    },
    "done": true
  },
  "minecraft:recipes/decorations/glow_item_frame": {
    "criteria": {
      "has_item_frame": "2024-05-15 03:05:26 +0000"
    },
    "done": true
  },
  "minecraft:story/smelt_iron": {
    "criteria": {
      "iron": "2024-05-15 03:05:26 +0000"
    },
    "done": true
  },
  "minecraft:recipes/decorations/chain": {
    "criteria": {
      "has_iron_ingot": "2024-05-15 03:05:26 +0000"
    },
    "done": true
  },
  "minecraft:recipes/decorations/smithing_table": {
    "criteria": {
      "has_iron_ingot": "2024-05-15 03:05:26 +0000"
    },
    "done": true
  },
  "create:recipes/misc/crafting/kinetics/empty_blaze_burner": {
    "criteria": {
      "has_item": "2024-05-15 03:05:26 +0000"
    },
    "done": true
  },
  "minecraft:recipes/combat/iron_sword": {
    "criteria": {
      "has_iron_ingot": "2024-05-15 03:05:26 +0000"
    },
    "done": true
  },
  "minecraft:recipes/tools/iron_pickaxe": {
    "criteria": {
      "has_iron_ingot": "2024-05-15 03:05:26 +0000"
    },
    "done": true
  },
  "minecraft:recipes/combat/shield": {
    "criteria": {
      "has_iron_ingot": "2024-05-15 03:05:26 +0000"
    },
    "done": true
  },
  "minecraft:recipes/decorations/iron_bars": {
    "criteria": {
      "has_iron_ingot": "2024-05-15 03:05:26 +0000"
    },
    "done": true
  },
  "minecraft:recipes/tools/iron_axe": {
    "criteria": {
      "has_iron_ingot": "2024-05-15 03:05:26 +0000"
    },
    "done": true
  },
  "rechiseled:recipes/misc/chisel": {
    "criteria": {
      "recipe_condition": "2024-05-15 03:05:26 +0000"
    },
    "done": true
  },
  "create:recipes/building_blocks/industrial_iron_block_from_ingots_iron_stonecutting": {
    "criteria": {
      "has_ingots_iron": "2024-05-15 03:05:26 +0000"
    },
    "done": true
  },
  "minecraft:recipes/redstone/iron_door": {
    "criteria": {
      "has_iron_ingot": "2024-05-15 03:05:26 +0000"
    },
    "done": true
  },
  "minecraft:recipes/tools/golden_axe": {
    "criteria": {
      "has_gold_ingot": "2024-05-15 03:05:27 +0000"
    },
    "done": true
  },
  "minecraft:recipes/tools/golden_pickaxe": {
    "criteria": {
      "has_gold_ingot": "2024-05-15 03:05:27 +0000"
    },
    "done": true
  },
  "minecraft:recipes/misc/gold_nugget": {
    "criteria": {
      "has_gold_ingot": "2024-05-15 03:05:27 +0000"
    },
    "done": true
  },
  "minecraft:recipes/tools/golden_shovel": {
    "criteria": {
      "has_gold_ingot": "2024-05-15 03:05:27 +0000"
    },
    "done": true
  },
  "minecraft:recipes/food/golden_apple": {
    "criteria": {
      "has_gold_ingot": "2024-05-15 03:05:27 +0000"
    },
    "done": true
  },
  "minecraft:recipes/combat/golden_boots": {
    "criteria": {
      "has_gold_ingot": "2024-05-15 03:05:27 +0000"
    },
    "done": true
  },
  "minecraft:recipes/combat/golden_chestplate": {
    "criteria": {
      "has_gold_ingot": "2024-05-15 03:05:27 +0000"
    },
    "done": true
  },
  "minecraft:recipes/redstone/light_weighted_pressure_plate": {
    "criteria": {
      "has_gold_ingot": "2024-05-15 03:05:27 +0000"
    },
    "done": true
  },
  "minecraft:recipes/combat/golden_sword": {
    "criteria": {
      "has_gold_ingot": "2024-05-15 03:05:27 +0000"
    },
    "done": true
  },
  "minecraft:recipes/building_blocks/gold_block": {
    "criteria": {
      "has_gold_ingot": "2024-05-15 03:05:27 +0000"
    },
    "done": true
  },
  "minecraft:recipes/combat/golden_helmet": {
    "criteria": {
      "has_gold_ingot": "2024-05-15 03:05:27 +0000"
    },
    "done": true
  },
  "minecraft:recipes/tools/golden_hoe": {
    "criteria": {
      "has_gold_ingot": "2024-05-15 03:05:27 +0000"
    },
    "done": true
  },
  "minecraft:recipes/combat/golden_leggings": {
    "criteria": {
      "has_gold_ingot": "2024-05-15 03:05:27 +0000"
    },
    "done": true
  },
  "minecraft:story/obtain_armor": {
    "criteria": {
      "iron_leggings": "2024-05-15 03:05:39 +0000"
    },
    "done": true
  },
  "minecraft:recipes/misc/iron_nugget_from_smelting": {
    "criteria": {
      "has_iron_leggings": "2024-05-15 03:05:39 +0000"
    },
    "done": true
  },
  "minecraft:recipes/misc/iron_nugget_from_blasting": {
    "criteria": {
      "has_iron_leggings": "2024-05-15 03:05:39 +0000"
    },
    "done": true
  },
  "minecraft:recipes/misc/bone_meal": {
    "criteria": {
      "has_bone": "2024-05-15 03:06:06 +0000"
    },
    "done": true
  },
  "minecraft:recipes/misc/stick_from_bamboo_item": {
    "criteria": {
      "has_bamboo": "2024-05-15 03:06:12 +0000"
    },
    "done": true
  },
  "minecraft:recipes/building_blocks/bamboo_block": {
    "criteria": {
      "has_bamboo": "2024-05-15 03:06:12 +0000"
    },
    "done": true
  },
  "minecraft:recipes/decorations/scaffolding": {
    "criteria": {
      "has_bamboo": "2024-05-15 03:06:12 +0000"
    },
    "done": true
  },
  "minecraft:recipes/decorations/chest": {
    "criteria": {
      "has_lots_of_items": "2024-05-15 03:06:38 +0000"
    },
    "done": true
  },
  "minecraft:recipes/misc/map": {
    "criteria": {
      "has_compass": "2024-05-15 03:06:46 +0000"
    },
    "done": true
  },
  "minecraft:recipes/misc/book": {
    "criteria": {
      "has_paper": "2024-05-15 03:06:46 +0000"
    },
    "done": true
  },
  "create:recipes/misc/crafting/schematics/schematic_and_quill": {
    "criteria": {
      "has_item": "2024-05-15 03:06:46 +0000"
    },
    "done": true
  },
  "create:recipes/misc/crafting/schematics/empty_schematic": {
    "criteria": {
      "has_item": "2024-05-15 03:06:46 +0000"
    },
    "done": true
  },
  "create:recipes/misc/crafting/materials/sand_paper": {
    "criteria": {
      "has_item": "2024-05-15 03:06:46 +0000"
    },
    "done": true
  },
  "create:recipes/misc/crafting/materials/red_sand_paper": {
    "criteria": {
      "has_item": "2024-05-15 03:06:46 +0000"
    },
    "done": true
  },
  "minecraft:recipes/decorations/cartography_table": {
    "criteria": {
      "has_paper": "2024-05-15 03:06:46 +0000"
    },
    "done": true
  },
  "minecraft:recipes/building_blocks/melon": {
    "criteria": {
      "has_melon": "2024-05-15 03:07:51 +0000"
    },
    "done": true
  },
  "minecraft:recipes/misc/melon_seeds": {
    "criteria": {
      "has_melon": "2024-05-15 03:07:51 +0000"
    },
    "done": true
  },
  "minecraft:recipes/brewing/glistering_melon_slice": {
    "criteria": {
      "has_melon": "2024-05-15 03:07:51 +0000"
    },
    "done": true
  },
  "minecraft:husbandry/root": {
    "criteria": {
      "consumed_item": "2024-05-15 03:07:56 +0000"
    },
    "done": true
  },
  "minecraft:husbandry/balanced_diet": {
    "criteria": {
      "bread": "2024-05-15 03:12:23 +0000",
      "melon_slice": "2024-05-15 03:07:56 +0000"
    },
    "done": false
  },
  "minecraft:recipes/building_blocks/emerald_block": {
    "criteria": {
      "has_emerald": "2024-05-15 03:08:22 +0000"
    },
    "done": true
  },
  "minecraft:adventure/sleep_in_bed": {
    "criteria": {
      "slept_in_bed": "2024-05-15 03:08:23 +0000"
    },
    "done": true
  },
  "minecraft:recipes/building_blocks/mud_bricks": {
    "criteria": {
      "has_packed_mud": "2024-05-15 03:10:06 +0000"
    },
    "done": true
  },
  "minecraft:recipes/transportation/cherry_boat": {
    "criteria": {
      "in_water": "2024-05-15 03:10:17 +0000"
    },
    "done": true
  },
  "minecraft:recipes/transportation/bamboo_raft": {
    "criteria": {
      "in_water": "2024-05-15 03:10:17 +0000"
    },
    "done": true
  },
  "minecraft:recipes/transportation/acacia_boat": {
    "criteria": {
      "in_water": "2024-05-15 03:10:17 +0000"
    },
    "done": true
  },
  "minecraft:recipes/transportation/jungle_boat": {
    "criteria": {
      "in_water": "2024-05-15 03:10:17 +0000"
    },
    "done": true
  },
  "minecraft:recipes/transportation/spruce_boat": {
    "criteria": {
      "in_water": "2024-05-15 03:10:17 +0000"
    },
    "done": true
  },
  "minecraft:recipes/transportation/birch_boat": {
    "criteria": {
      "in_water": "2024-05-15 03:10:17 +0000"
    },
    "done": true
  },
  "minecraft:recipes/transportation/oak_boat": {
    "criteria": {
      "in_water": "2024-05-15 03:10:17 +0000"
    },
    "done": true
  },
  "minecraft:recipes/transportation/mangrove_boat": {
    "criteria": {
      "in_water": "2024-05-15 03:10:17 +0000"
    },
    "done": true
  },
  "minecraft:recipes/transportation/dark_oak_boat": {
    "criteria": {
      "in_water": "2024-05-15 03:10:17 +0000"
    },
    "done": true
  },
  "create:recipes/misc/crafting/kinetics/fluid_tank": {
    "criteria": {
      "has_item": "2024-05-15 03:10:20 +0000"
    },
    "done": true
  },
  "create:recipes/misc/crafting/kinetics/item_vault": {
    "criteria": {
      "has_item": "2024-05-15 03:10:20 +0000"
    },
    "done": true
  },
  "minecraft:recipes/brewing/cauldron": {
    "criteria": {
      "has_water_bucket": "2024-05-15 03:10:21 +0000"
    },
    "done": true
  },
  "minecraft:recipes/redstone/redstone_torch": {
    "criteria": {
      "has_redstone": "2024-05-15 03:11:22 +0000"
    },
    "done": true
  },
  "create:recipes/misc/crafting/logistics/pulse_extender": {
    "criteria": {
      "has_item": "2024-05-15 03:11:22 +0000"
    },
    "done": true
  },
  "create:recipes/misc/crafting/logistics/pulse_repeater": {
    "criteria": {
      "has_item": "2024-05-15 03:11:22 +0000"
    },
    "done": true
  },
  "minecraft:recipes/redstone/target": {
    "criteria": {
      "has_redstone": "2024-05-15 03:11:22 +0000"
    },
    "done": true
  },
  "minecraft:recipes/tools/compass": {
    "criteria": {
      "has_redstone": "2024-05-15 03:11:22 +0000"
    },
    "done": true
  },
  "minecraft:recipes/redstone/redstone_block": {
    "criteria": {
      "has_redstone": "2024-05-15 03:11:22 +0000"
    },
    "done": true
  },
  "botania:recipes/misc/redstone_root": {
    "criteria": {
      "has_item": "2024-05-15 03:11:22 +0000"
    },
    "done": true
  },
  "minecraft:recipes/tools/clock": {
    "criteria": {
      "has_redstone": "2024-05-15 03:11:22 +0000"
    },
    "done": true
  },
  "projecte:recipes/misc/medium_covalence_dust": {
    "criteria": {
      "has_redstone": "2024-05-15 03:11:22 +0000"
    },
    "done": true
  },
  "create:recipes/misc/crafting/logistics/powered_latch": {
    "criteria": {
      "has_item": "2024-05-15 03:11:22 +0000"
    },
    "done": true
  },
  "minecraft:recipes/redstone/note_block": {
    "criteria": {
      "has_redstone": "2024-05-15 03:11:22 +0000"
    },
    "done": true
  },
  "create:recipes/misc/crafting/logistics/powered_toggle_latch": {
    "criteria": {
      "has_item": "2024-05-15 03:11:22 +0000"
    },
    "done": true
  },
  "minecraft:recipes/redstone/dropper": {
    "criteria": {
      "has_redstone": "2024-05-15 03:11:22 +0000"
    },
    "done": true
  },
  "create:recipes/misc/crafting/materials/rose_quartz": {
    "criteria": {
      "has_item": "2024-05-15 03:11:22 +0000"
    },
    "done": true
  },
  "minecraft:recipes/redstone/piston": {
    "criteria": {
      "has_redstone": "2024-05-15 03:11:22 +0000"
    },
    "done": true
  },
  "minecraft:recipes/building_blocks/lapis_block": {
    "criteria": {
      "has_lapis_lazuli": "2024-05-15 03:11:37 +0000"
    },
    "done": true
  },
  "minecraft:recipes/misc/blue_dye": {
    "criteria": {
      "has_lapis_lazuli": "2024-05-15 03:11:37 +0000"
    },
    "done": true
  },
  "minecraft:recipes/combat/leather_helmet": {
    "criteria": {
      "has_leather": "2024-05-15 03:13:31 +0000"
    },
    "done": true
  },
  "minecraft:recipes/combat/leather_chestplate": {
    "criteria": {
      "has_leather": "2024-05-15 03:13:31 +0000"
    },
    "done": true
  },
  "minecraft:recipes/misc/leather_horse_armor": {
    "criteria": {
      "has_leather": "2024-05-15 03:13:31 +0000"
    },
    "done": true
  },
  "sophisticatedbackpacks:recipes/misc/backpack": {
    "criteria": {
      "has_leather": "2024-05-15 03:13:31 +0000"
    },
    "done": true
  },
  "minecraft:recipes/decorations/item_frame": {
    "criteria": {
      "has_leather": "2024-05-15 03:13:31 +0000"
    },
    "done": true
  },
  "minecraft:recipes/combat/leather_boots": {
    "criteria": {
      "has_leather": "2024-05-15 03:13:31 +0000"
    },
    "done": true
  },
  "minecraft:recipes/combat/leather_leggings": {
    "criteria": {
      "has_leather": "2024-05-15 03:13:31 +0000"
    },
    "done": true
  },
  "sophisticatedbackpacks:recipes/misc/upgrade_base": {
    "criteria": {
      "has_leather": "2024-05-15 03:13:31 +0000"
    },
    "done": true
  },
  "botania:recipes/decorations/turntable": {
    "criteria": {
      "has_alt_item": "2024-05-15 03:14:26 +0000"
    },
    "done": true
  },
  "minecraft:recipes/decorations/campfire": {
    "criteria": {
      "has_coal": "2024-05-15 03:14:44 +0000"
    },
    "done": true
  },
  "minecraft:recipes/building_blocks/coal_block": {
    "criteria": {
      "has_coal": "2024-05-15 03:14:44 +0000"
    },
    "done": true
  },
  "minecraft:story/iron_tools": {
    "criteria": {
      "iron_pickaxe": "2024-05-15 03:14:52 +0000"
    },
    "done": true
  },
  "botania:recipes/tools/lexicon": {
    "criteria": {
      "has_item": "2024-05-15 03:14:56 +0000"
    },
    "done": true
  },
  "minecraft:story/form_obsidian": {
    "criteria": {
      "obsidian": "2024-05-15 03:15:04 +0000"
    },
    "done": true
  },
  "minecraft:recipes/tools/flint_and_steel": {
    "criteria": {
      "has_obsidian": "2024-05-15 03:15:04 +0000"
    },
    "done": true
  },
  "minecraft:recipes/decorations/enchanting_table": {
    "criteria": {
      "has_obsidian": "2024-05-15 03:15:04 +0000"
    },
    "done": true
  },
  "minecraft:recipes/misc/coal": {
    "criteria": {
      "has_coal_block": "2024-05-15 03:15:46 +0000"
    },
    "done": true
  },
  "minecraft:recipes/redstone/tripwire_hook": {
    "criteria": {
      "has_string": "2024-05-15 03:16:17 +0000"
    },
    "done": true
  },
  "minecraft:recipes/decorations/candle": {
    "criteria": {
      "has_string": "2024-05-15 03:16:17 +0000"
    },
    "done": true
  },
  "minecraft:recipes/combat/bow": {
    "criteria": {
      "has_string": "2024-05-15 03:16:17 +0000"
    },
    "done": true
  },
  "minecraft:recipes/tools/fishing_rod": {
    "criteria": {
      "has_string": "2024-05-15 03:16:17 +0000"
    },
    "done": true
  },
  "minecraft:recipes/building_blocks/white_wool_from_string": {
    "criteria": {
      "has_string": "2024-05-15 03:16:17 +0000"
    },
    "done": true
  },
  "minecraft:recipes/decorations/loom": {
    "criteria": {
      "has_string": "2024-05-15 03:16:17 +0000"
    },
    "done": true
  },
  "botania:recipes/misc/petal_white_double": {
    "criteria": {
      "has_item": "2024-05-15 03:22:36 +0000"
    },
    "done": true
  },
  "botania:main/flower_pickup": {
    "criteria": {
      "double_flower": "2024-05-15 03:22:36 +0000"
    },
    "done": true
  },
  "botania:recipes/misc/conversions/white_petal_block_deconstruct": {
    "criteria": {
      "has_item": "2024-05-15 03:22:41 +0000"
    },
    "done": true
  },
  "botania:recipes/misc/dye_white": {
    "criteria": {
      "has_item": "2024-05-15 03:22:41 +0000"
    },
    "done": true
  },
  "botania:recipes/tools/twig_wand": {
    "criteria": {
      "has_item": "2024-05-15 03:22:41 +0000"
    },
    "done": true
  },
  "botania:recipes/redstone/apothecary_default": {
    "criteria": {
      "has_item": "2024-05-15 03:22:41 +0000"
    },
    "done": true
  },
  "botania:recipes/redstone/apothecary_mossy": {
    "criteria": {
      "has_item": "2024-05-15 03:22:41 +0000"
    },
    "done": true
  },
  "botania:recipes/misc/petal_white": {
    "criteria": {
      "has_alt_item": "2024-05-15 03:22:41 +0000"
    },
    "done": true
  },
  "botania:recipes/tools/dreamwood_wand": {
    "criteria": {
      "has_item": "2024-05-15 03:22:41 +0000"
    },
    "done": true
  },
  "botania:recipes/decorations/white_petal_block": {
    "criteria": {
      "has_item": "2024-05-15 03:22:41 +0000"
    },
    "done": true
  },
  "botania:recipes/redstone/apothecary_deepslate": {
    "criteria": {
      "has_item": "2024-05-15 03:22:41 +0000"
    },
    "done": true
  },
  "minecraft:adventure/adventuring_time": {
    "criteria": {
      "minecraft:sunflower_plains": "2024-05-15 04:06:24 +0000",
      "minecraft:beach": "2024-05-15 03:57:23 +0000",
      "minecraft:river": "2024-05-15 03:25:48 +0000",
      "minecraft:flower_forest": "2024-05-15 04:01:59 +0000",
      "minecraft:savanna": "2024-05-15 03:57:54 +0000",
      "minecraft:plains": "2024-05-15 04:24:55 +0000"
    },
    "done": false
  },
  "create:recipes/building_blocks/cut_veridium_brick_slab_from_stone_types_veridium_stonecutting": {
    "criteria": {
      "has_stone_types_veridium": "2024-05-15 03:28:14 +0000"
    },
    "done": true
  },
  "create:recipes/building_blocks/polished_cut_veridium_from_stone_types_veridium_stonecutting": {
    "criteria": {
      "has_stone_types_veridium": "2024-05-15 03:28:14 +0000"
    },
    "done": true
  },
  "create:recipes/building_blocks/cut_veridium_brick_wall_from_stone_types_veridium_stonecutting": {
    "criteria": {
      "has_stone_types_veridium": "2024-05-15 03:28:14 +0000"
    },
    "done": true
  },
  "create:recipes/building_blocks/cut_veridium_wall_from_stone_types_veridium_stonecutting": {
    "criteria": {
      "has_stone_types_veridium": "2024-05-15 03:28:14 +0000"
    },
    "done": true
  },
  "create:recipes/building_blocks/cut_veridium_stairs_from_stone_types_veridium_stonecutting": {
    "criteria": {
      "has_stone_types_veridium": "2024-05-15 03:28:14 +0000"
    },
    "done": true
  },
  "create:recipes/building_blocks/small_veridium_brick_wall_from_stone_types_veridium_stonecutting": {
    "criteria": {
      "has_stone_types_veridium": "2024-05-15 03:28:14 +0000"
    },
    "done": true
  },
  "create:recipes/building_blocks/cut_veridium_brick_stairs_from_stone_types_veridium_stonecutting": {
    "criteria": {
      "has_stone_types_veridium": "2024-05-15 03:28:14 +0000"
    },
    "done": true
  },
  "create:recipes/building_blocks/polished_cut_veridium_stairs_from_stone_types_veridium_stonecutting": {
    "criteria": {
      "has_stone_types_veridium": "2024-05-15 03:28:14 +0000"
    },
    "done": true
  },
  "create:recipes/building_blocks/cut_veridium_from_stone_types_veridium_stonecutting": {
    "criteria": {
      "has_stone_types_veridium": "2024-05-15 03:28:14 +0000"
    },
    "done": true
  },
  "create:recipes/building_blocks/veridium_pillar_from_stone_types_veridium_stonecutting": {
    "criteria": {
      "has_stone_types_veridium": "2024-05-15 03:28:14 +0000"
    },
    "done": true
  },
  "create:recipes/building_blocks/cut_veridium_bricks_from_stone_types_veridium_stonecutting": {
    "criteria": {
      "has_stone_types_veridium": "2024-05-15 03:28:14 +0000"
    },
    "done": true
  },
  "create:recipes/building_blocks/polished_cut_veridium_wall_from_stone_types_veridium_stonecutting": {
    "criteria": {
      "has_stone_types_veridium": "2024-05-15 03:28:14 +0000"
    },
    "done": true
  },
  "create:recipes/building_blocks/veridium_from_stone_types_veridium_stonecutting": {
    "criteria": {
      "has_stone_types_veridium": "2024-05-15 03:28:14 +0000"
    },
    "done": true
  },
  "create:recipes/building_blocks/small_veridium_bricks_from_stone_types_veridium_stonecutting": {
    "criteria": {
      "has_stone_types_veridium": "2024-05-15 03:28:14 +0000"
    },
    "done": true
  },
  "create:recipes/building_blocks/small_veridium_brick_stairs_from_stone_types_veridium_stonecutting": {
    "criteria": {
      "has_stone_types_veridium": "2024-05-15 03:28:14 +0000"
    },
    "done": true
  },
  "create:recipes/building_blocks/polished_cut_veridium_slab_from_stone_types_veridium_stonecutting": {
    "criteria": {
      "has_stone_types_veridium": "2024-05-15 03:28:14 +0000"
    },
    "done": true
  },
  "create:recipes/building_blocks/cut_veridium_slab_from_stone_types_veridium_stonecutting": {
    "criteria": {
      "has_stone_types_veridium": "2024-05-15 03:28:14 +0000"
    },
    "done": true
  },
  "create:recipes/building_blocks/small_veridium_brick_slab_from_stone_types_veridium_stonecutting": {
    "criteria": {
      "has_stone_types_veridium": "2024-05-15 03:28:14 +0000"
    },
    "done": true
  },
  "create:recipes/building_blocks/layered_veridium_from_stone_types_veridium_stonecutting": {
    "criteria": {
      "has_stone_types_veridium": "2024-05-15 03:28:14 +0000"
    },
    "done": true
  },
  "minecraft:adventure/root": {
    "criteria": {
      "killed_something": "2024-05-15 03:29:55 +0000"
    },
    "done": true
  },
  "minecraft:recipes/redstone/acacia_button": {
    "criteria": {
      "has_planks": "2024-05-15 04:00:10 +0000"
    },
    "done": true
  },
  "minecraft:recipes/building_blocks/polished_deepslate": {
    "criteria": {
      "has_cobbled_deepslate": "2024-05-15 04:52:53 +0000"
    },
    "done": true
  },
  "minecraft:recipes/decorations/ladder": {
    "criteria": {
      "has_stick": "2024-05-15 04:36:23 +0000"
    },
    "done": true
  },
  "minecraft:recipes/building_blocks/deepslate_tile_stairs_from_cobbled_deepslate_stonecutting": {
    "criteria": {
      "has_cobbled_deepslate": "2024-05-15 04:52:53 +0000"
    },
    "done": true
  },
  "create:recipes/building_blocks/cut_deepslate_brick_wall_from_stone_types_deepslate_stonecutting": {
    "criteria": {
      "has_stone_types_deepslate": "2024-05-15 04:56:25 +0000"
    },
    "done": true
  },
  "minecraft:recipes/decorations/fletching_table": {
    "criteria": {
      "has_flint": "2024-05-15 04:45:44 +0000"
    },
    "done": true
  },
  "minecraft:recipes/building_blocks/jungle_wood": {
    "criteria": {
      "has_log": "2024-05-15 04:09:30 +0000"
    },
    "done": true
  },
  "minecraft:recipes/decorations/oak_sign": {
    "criteria": {
      "has_planks": "2024-05-15 04:41:04 +0000"
    },
    "done": true
  },
  "minecraft:recipes/building_blocks/red_concrete_powder": {
    "criteria": {
      "has_gravel": "2024-05-15 04:44:54 +0000"
    },
    "done": true
  },
  "minecraft:nether/explore_nether": {
    "criteria": {
      "minecraft:crimson_forest": "2024-05-15 04:46:04 +0000"
    },
    "done": false
  },
  "minecraft:recipes/combat/diamond_sword": {
    "criteria": {
      "has_diamond": "2024-05-15 04:35:22 +0000"
    },
    "done": true
  },
  "minecraft:recipes/decorations/jukebox": {
    "criteria": {
      "has_diamond": "2024-05-15 04:35:22 +0000"
    },
    "done": true
  },
  "minecraft:recipes/combat/diamond_chestplate": {
    "criteria": {
      "has_diamond": "2024-05-15 04:35:22 +0000"
    },
    "done": true
  },
  "minecraft:story/mine_stone": {
    "criteria": {
      "get_stone": "2024-05-15 04:50:22 +0000"
    },
    "done": true
  },
  "minecraft:recipes/decorations/furnace": {
    "criteria": {
      "has_cobblestone": "2024-05-15 04:50:22 +0000"
    },
    "done": true
  },
  "minecraft:recipes/building_blocks/green_concrete_powder": {
    "criteria": {
      "has_gravel": "2024-05-15 04:44:54 +0000"
    },
    "done": true
  },
  "botania:recipes/misc/quartz_lavender": {
    "criteria": {
      "has_item": "2024-05-15 04:46:47 +0000"
    },
    "done": true
  },
  "minecraft:recipes/building_blocks/stone_brick_stairs": {
    "criteria": {
      "has_stone_bricks": "2024-05-15 04:57:30 +0000"
    },
    "done": true
  },
  "minecraft:recipes/tools/wooden_axe": {
    "criteria": {
      "has_stick": "2024-05-15 04:36:23 +0000"
    },
    "done": true
  },
  "minecraft:recipes/misc/gold_nugget_from_blasting": {
    "criteria": {
      "has_golden_horse_armor": "2024-05-15 04:57:31 +0000"
    },
    "done": true
  },
  "create:recipes/building_blocks/cut_deepslate_from_stone_types_deepslate_stonecutting": {
    "criteria": {
      "has_stone_types_deepslate": "2024-05-15 04:56:25 +0000"
    },
    "done": true
  },
  "minecraft:recipes/building_blocks/blue_concrete_powder": {
    "criteria": {
      "has_gravel": "2024-05-15 04:44:54 +0000"
    },
    "done": true
  },
  "minecraft:recipes/building_blocks/crimson_planks": {
    "criteria": {
      "has_logs": "2024-05-15 04:57:20 +0000"
    },
    "done": true
  },
  "create:recipes/misc/crafting/appliances/crafting_blueprint": {
    "criteria": {
      "has_item": "2024-05-15 03:59:50 +0000"
    },
    "done": true
  },
  "storagedrawers:recipes/storagedrawers/acacia_drawers": {
    "criteria": {
      "has_chest": "2024-05-15 04:00:14 +0000"
    },
    "done": true
  },
  "minecraft:recipes/building_blocks/cobbled_deepslate_slab": {
    "criteria": {
      "has_cobbled_deepslate": "2024-05-15 04:52:53 +0000"
    },
    "done": true
  },
  "minecraft:recipes/misc/stick": {
    "criteria": {
      "has_planks": "2024-05-15 04:00:10 +0000"
    },
    "done": true
  },
  "botania:recipes/redstone/red_string_container": {
    "criteria": {
      "has_base_block": "2024-05-15 04:00:14 +0000"
    },
    "done": true
  },
  "projecte:recipes/misc/alchemical_coal": {
    "criteria": {
      "has_coal": "2024-05-15 04:54:10 +0000"
    },
    "done": true
  },
  "minecraft:recipes/building_blocks/cobblestone_slab_from_cobblestone_stonecutting": {
    "criteria": {
      "has_cobblestone": "2024-05-15 04:50:22 +0000"
    },
    "done": true
  },
  "storagedrawers:recipes/storagedrawers/dark_oak_drawers": {
    "criteria": {
      "has_chest": "2024-05-15 04:00:14 +0000"
    },
    "done": true
  },
  "minecraft:recipes/tools/diamond_pickaxe": {
    "criteria": {
      "has_diamond": "2024-05-15 04:35:22 +0000"
    },
    "done": true
  },
  "minecraft:adventure/kill_all_mobs": {
    "criteria": {
      "minecraft:skeleton": "2024-05-15 04:13:23 +0000",
      "minecraft:cave_spider": "2024-05-15 04:53:19 +0000",
      "minecraft:zombie": "2024-05-15 04:10:03 +0000",
      "minecraft:zombie_villager": "2024-05-15 03:53:24 +0000"
    },
    "done": false
  },
  "minecraft:recipes/building_blocks/birch_wood": {
    "criteria": {
      "has_log": "2024-05-15 04:14:33 +0000"
    },
    "done": true
  },
  "minecraft:recipes/building_blocks/stone": {
    "criteria": {
      "has_cobblestone": "2024-05-15 04:50:22 +0000"
    },
    "done": true
  },
  "projecte:recipes/tools/iron_band": {
    "criteria": {
      "has_lava": "2024-05-15 04:49:06 +0000"
    },
    "done": true
  },
  "create:recipes/building_blocks/deepslate_from_stone_types_deepslate_stonecutting": {
    "criteria": {
      "has_stone_types_deepslate": "2024-05-15 04:56:25 +0000"
    },
    "done": true
  },
  "minecraft:recipes/building_blocks/acacia_stairs": {
    "criteria": {
      "has_planks": "2024-05-15 04:00:10 +0000"
    },
    "done": true
  },
  "minecraft:recipes/building_blocks/diorite": {
    "criteria": {
      "has_quartz": "2024-05-15 04:46:47 +0000"
    },
    "done": true
  },
  "minecraft:recipes/building_blocks/granite": {
    "criteria": {
      "has_quartz": "2024-05-15 04:46:47 +0000"
    },
    "done": true
  },
  "minecraft:recipes/redstone/acacia_door": {
    "criteria": {
      "has_planks": "2024-05-15 04:00:10 +0000"
    },
    "done": true
  },
  "minecraft:recipes/tools/diamond_hoe": {
    "criteria": {
      "has_diamond": "2024-05-15 04:35:22 +0000"
    },
    "done": true
  },
  "minecraft:recipes/tools/diamond_shovel": {
    "criteria": {
      "has_diamond": "2024-05-15 04:35:22 +0000"
    },
    "done": true
  },
  "minecraft:recipes/building_blocks/polished_deepslate_stairs_from_cobbled_deepslate_stonecutting": {
    "criteria": {
      "has_cobbled_deepslate": "2024-05-15 04:52:53 +0000"
    },
    "done": true
  },
  "minecraft:recipes/building_blocks/quartz_block": {
    "criteria": {
      "has_quartz": "2024-05-15 04:46:47 +0000"
    },
    "done": true
  },
  "create:recipes/building_blocks/polished_cut_deepslate_wall_from_stone_types_deepslate_stonecutting": {
    "criteria": {
      "has_stone_types_deepslate": "2024-05-15 04:56:25 +0000"
    },
    "done": true
  },
  "create:recipes/building_blocks/deepslate_pillar_from_stone_types_deepslate_stonecutting": {
    "criteria": {
      "has_stone_types_deepslate": "2024-05-15 04:56:25 +0000"
    },
    "done": true
  },
  "minecraft:recipes/building_blocks/lime_concrete_powder": {
    "criteria": {
      "has_gravel": "2024-05-15 04:44:54 +0000"
    },
    "done": true
  },
  "minecraft:recipes/redstone/comparator": {
    "criteria": {
      "has_quartz": "2024-05-15 04:46:47 +0000"
    },
    "done": true
  },
  "minecraft:recipes/decorations/deepslate_brick_wall_from_cobbled_deepslate_stonecutting": {
    "criteria": {
      "has_cobbled_deepslate": "2024-05-15 04:52:53 +0000"
    },
    "done": true
  },
  "minecraft:story/lava_bucket": {
    "criteria": {
      "lava_bucket": "2024-05-15 04:49:06 +0000"
    },
    "done": true
  },
  "minecraft:recipes/misc/copper_ingot_from_blasting_raw_copper": {
    "criteria": {
      "has_raw_copper": "2024-05-15 04:57:20 +0000"
    },
    "done": true
  },
  "create:recipes/building_blocks/small_deepslate_brick_slab_from_stone_types_deepslate_stonecutting": {
    "criteria": {
      "has_stone_types_deepslate": "2024-05-15 04:56:25 +0000"
    },
    "done": true
  },
  "minecraft:recipes/building_blocks/polished_deepslate_from_cobbled_deepslate_stonecutting": {
    "criteria": {
      "has_cobbled_deepslate": "2024-05-15 04:52:53 +0000"
    },
    "done": true
  },
  "minecraft:recipes/building_blocks/orange_concrete_powder": {
    "criteria": {
      "has_gravel": "2024-05-15 04:44:54 +0000"
    },
    "done": true
  },
  "minecraft:recipes/building_blocks/oak_slab": {
    "criteria": {
      "has_planks": "2024-05-15 04:41:04 +0000"
    },
    "done": true
  },
  "minecraft:recipes/building_blocks/raw_copper_block": {
    "criteria": {
      "has_raw_copper": "2024-05-15 04:57:20 +0000"
    },
    "done": true
  },
  "minecraft:recipes/building_blocks/birch_planks": {
    "criteria": {
      "has_logs": "2024-05-15 04:14:33 +0000"
    },
    "done": true
  },
  "create:recipes/building_blocks/acacia_window": {
    "criteria": {
      "has_ingredient": "2024-05-15 04:00:10 +0000"
    },
    "done": true
  },
  "minecraft:recipes/tools/stone_pickaxe": {
    "criteria": {
      "has_cobblestone": "2024-05-15 04:50:22 +0000"
    },
    "done": true
  },
  "create:recipes/building_blocks/cut_deepslate_stairs_from_stone_types_deepslate_stonecutting": {
    "criteria": {
      "has_stone_types_deepslate": "2024-05-15 04:56:25 +0000"
    },
    "done": true
  },
  "minecraft:recipes/decorations/acacia_sign": {
    "criteria": {
      "has_planks": "2024-05-15 04:00:10 +0000"
    },
    "done": true
  },
  "minecraft:recipes/building_blocks/cobbled_deepslate_slab_from_cobbled_deepslate_stonecutting": {
    "criteria": {
      "has_cobbled_deepslate": "2024-05-15 04:52:53 +0000"
    },
    "done": true
  },
  "minecraft:recipes/building_blocks/magenta_concrete_powder": {
    "criteria": {
      "has_gravel": "2024-05-15 04:44:54 +0000"
    },
    "done": true
  },
  "minecraft:recipes/building_blocks/deepslate_tile_slab_from_cobbled_deepslate_stonecutting": {
    "criteria": {
      "has_cobbled_deepslate": "2024-05-15 04:52:53 +0000"
    },
    "done": true
  },
  "storagedrawers:recipes/storagedrawers/warped_drawers": {
    "criteria": {
      "has_chest": "2024-05-15 04:00:14 +0000"
    },
    "done": true
  },
  "minecraft:recipes/tools/wooden_hoe": {
    "criteria": {
      "has_stick": "2024-05-15 04:36:23 +0000"
    },
    "done": true
  },
  "projecte:philosophers_stone": {
    "criteria": {
      "philosophers_stone": "2024-05-15 04:48:31 +0000"
    },
    "done": true
  },
  "minecraft:recipes/redstone/oak_fence_gate": {
    "criteria": {
      "has_planks": "2024-05-15 04:41:04 +0000"
    },
    "done": true
  },
  "minecraft:recipes/misc/charcoal": {
    "criteria": {
      "has_log": "2024-05-15 03:59:46 +0000"
    },
    "done": true
  },
  "minecraft:recipes/building_blocks/stone_brick_slab": {
    "criteria": {
      "has_stone_bricks": "2024-05-15 04:57:30 +0000"
    },
    "done": true
  },
  "projecte:recipes/misc/conversions/gold_ingot_to_iron_ingot": {
    "criteria": {
      "has_gold_ingot": "2024-05-15 04:54:08 +0000"
    },
    "done": true
  },
  "minecraft:recipes/combat/diamond_helmet": {
    "criteria": {
      "has_diamond": "2024-05-15 04:35:22 +0000"
    },
    "done": true
  },
  "minecraft:recipes/building_blocks/chiseled_stone_bricks_from_stone_bricks_stonecutting": {
    "criteria": {
      "has_stone_bricks": "2024-05-15 04:57:30 +0000"
    },
    "done": true
  },
  "minecraft:recipes/redstone/oak_door": {
    "criteria": {
      "has_planks": "2024-05-15 04:41:04 +0000"
    },
    "done": true
  },
  "minecraft:recipes/misc/iron_ingot_from_iron_block": {
    "criteria": {
      "has_iron_block": "2024-05-15 04:22:00 +0000"
    },
    "done": true
  },
  "create:recipes/building_blocks/small_deepslate_bricks_from_stone_types_deepslate_stonecutting": {
    "criteria": {
      "has_stone_types_deepslate": "2024-05-15 04:56:25 +0000"
    },
    "done": true
  },
  "projecte:recipes/misc/conversions/iron_ingot_to_ender_pearl": {
    "criteria": {
      "has_iron_ingot": "2024-05-15 04:57:31 +0000"
    },
    "done": true
  },
  "minecraft:recipes/tools/wooden_shovel": {
    "criteria": {
      "has_stick": "2024-05-15 04:36:23 +0000"
    },
    "done": true
  },
  "minecraft:recipes/redstone/dispenser": {
    "criteria": {
      "has_bow": "2024-05-15 04:13:24 +0000"
    },
    "done": true
  },
  "minecraft:recipes/building_blocks/cobblestone_slab": {
    "criteria": {
      "has_cobblestone": "2024-05-15 04:50:22 +0000"
    },
    "done": true
  },
  "storagedrawers:recipes/storagedrawers/oak_drawers": {
    "criteria": {
      "has_chest": "2024-05-15 04:00:14 +0000"
    },
    "done": true
  },
  "projecte:recipes/misc/conversions/charcoal_to_coal": {
    "criteria": {
      "has_charcoal": "2024-05-15 04:57:20 +0000"
    },
    "done": true
  },
  "minecraft:recipes/decorations/deepslate_tile_wall_from_cobbled_deepslate_stonecutting": {
    "criteria": {
      "has_cobbled_deepslate": "2024-05-15 04:52:53 +0000"
    },
    "done": true
  },
  "minecraft:recipes/building_blocks/acacia_wood": {
    "criteria": {
      "has_log": "2024-05-15 03:59:46 +0000"
    },
    "done": true
  },
  "minecraft:recipes/combat/wooden_sword": {
    "criteria": {
      "has_stick": "2024-05-15 04:36:23 +0000"
    },
    "done": true
  },
  "minecraft:recipes/building_blocks/oak_planks": {
    "criteria": {
      "has_logs": "2024-05-15 04:40:57 +0000"
    },
    "done": true
  },
  "minecraft:recipes/building_blocks/black_concrete_powder": {
    "criteria": {
      "has_gravel": "2024-05-15 04:44:54 +0000"
    },
    "done": true
  },
  "minecraft:recipes/decorations/barrel": {
    "criteria": {
      "has_planks": "2024-05-15 04:00:10 +0000"
    },
    "done": true
  },
  "minecraft:recipes/decorations/cobblestone_wall_from_cobblestone_stonecutting": {
    "criteria": {
      "has_cobblestone": "2024-05-15 04:50:22 +0000"
    },
    "done": true
  },
  "minecraft:recipes/building_blocks/diamond_block": {
    "criteria": {
      "has_diamond": "2024-05-15 04:35:22 +0000"
    },
    "done": true
  },
  "projecte:recipes/misc/high_covalence_dust": {
    "criteria": {
      "has_diamond": "2024-05-15 04:35:22 +0000"
    },
    "done": true
  },
  "projecte:recipes/decorations/transmutation_tablet": {
    "criteria": {
      "has_table": "2024-05-15 04:56:33 +0000"
    },
    "done": true
  },
  "minecraft:recipes/building_blocks/cobblestone_stairs": {
    "criteria": {
      "has_cobblestone": "2024-05-15 04:50:22 +0000"
    },
    "done": true
  },
  "minecraft:recipes/building_blocks/purple_concrete_powder": {
    "criteria": {
      "has_gravel": "2024-05-15 04:44:54 +0000"
    },
    "done": true
  },
  "minecraft:recipes/combat/spectral_arrow": {
    "criteria": {
      "has_glowstone_dust": "2024-05-15 04:47:29 +0000"
    },
    "done": true
  },
  "minecraft:story/mine_diamond": {
    "criteria": {
      "diamond": "2024-05-15 04:35:22 +0000"
    },
    "done": true
  },
  "botania:recipes/misc/quartz_dark": {
    "criteria": {
      "has_item": "2024-05-15 04:46:47 +0000"
    },
    "done": true
  },
  "minecraft:recipes/building_blocks/cyan_concrete_powder": {
    "criteria": {
      "has_gravel": "2024-05-15 04:44:54 +0000"
    },
    "done": true
  },
  "minecraft:recipes/misc/nether_brick": {
    "criteria": {
      "has_netherrack": "2024-05-15 04:46:49 +0000"
    },
    "done": true
  },
  "minecraft:recipes/tools/stone_shovel": {
    "criteria": {
      "has_cobblestone": "2024-05-15 04:50:22 +0000"
    },
    "done": true
  },
  "minecraft:recipes/building_blocks/oak_wood": {
    "criteria": {
      "has_log": "2024-05-15 04:40:57 +0000"
    },
    "done": true
  },
  "minecraft:recipes/redstone/lever": {
    "criteria": {
      "has_cobblestone": "2024-05-15 04:50:22 +0000"
    },
    "done": true
  },
  "minecraft:recipes/building_blocks/coarse_dirt": {
    "criteria": {
      "has_gravel": "2024-05-15 04:44:54 +0000"
    },
    "done": true
  },
  "minecraft:recipes/building_blocks/light_gray_concrete_powder": {
    "criteria": {
      "has_gravel": "2024-05-15 04:44:54 +0000"
    },
    "done": true
  },
  "minecraft:recipes/building_blocks/pink_concrete_powder": {
    "criteria": {
      "has_gravel": "2024-05-15 04:44:54 +0000"
    },
    "done": true
  },
  "minecraft:recipes/combat/diamond_leggings": {
    "criteria": {
      "has_diamond": "2024-05-15 04:35:22 +0000"
    },
    "done": true
  },
  "minecraft:recipes/decorations/stone_brick_wall": {
    "criteria": {
      "has_stone_bricks": "2024-05-15 04:57:30 +0000"
    },
    "done": true
  },
  "botania:recipes/misc/quartz_red": {
    "criteria": {
      "has_item": "2024-05-15 04:46:47 +0000"
    },
    "done": true
  },
  "botania:recipes/misc/quartz_sunny": {
    "criteria": {
      "has_item": "2024-05-15 04:46:47 +0000"
    },
    "done": true
  },
  "minecraft:recipes/redstone/acacia_pressure_plate": {
    "criteria": {
      "has_planks": "2024-05-15 04:00:10 +0000"
    },
    "done": true
  },
  "create:recipes/building_blocks/small_deepslate_brick_stairs_from_stone_types_deepslate_stonecutting": {
    "criteria": {
      "has_stone_types_deepslate": "2024-05-15 04:56:25 +0000"
    },
    "done": true
  },
  "minecraft:recipes/redstone/oak_trapdoor": {
    "criteria": {
      "has_planks": "2024-05-15 04:41:04 +0000"
    },
    "done": true
  },
  "projecte:recipes/tools/philosophers_stone": {
    "criteria": {
      "has_glowstone": "2024-05-15 04:47:29 +0000"
    },
    "done": true
  },
  "botania:recipes/decorations/mana_fluxfield": {
    "criteria": {
      "has_item": "2024-05-15 04:17:04 +0000"
    },
    "done": true
  },
  "minecraft:recipes/building_blocks/deepslate_brick_stairs_from_cobbled_deepslate_stonecutting": {
    "criteria": {
      "has_cobbled_deepslate": "2024-05-15 04:52:53 +0000"
    },
    "done": true
  },
  "create:recipes/building_blocks/small_deepslate_brick_wall_from_stone_types_deepslate_stonecutting": {
    "criteria": {
      "has_stone_types_deepslate": "2024-05-15 04:56:25 +0000"
    },
    "done": true
  },
  "minecraft:recipes/combat/stone_sword": {
    "criteria": {
      "has_cobblestone": "2024-05-15 04:50:22 +0000"
    },
    "done": true
  },
  "minecraft:recipes/decorations/cobblestone_wall": {
    "criteria": {
      "has_cobblestone": "2024-05-15 04:50:22 +0000"
    },
    "done": true
  },
  "minecraft:recipes/misc/gold_nugget_from_smelting": {
    "criteria": {
      "has_golden_horse_armor": "2024-05-15 04:57:31 +0000"
    },
    "done": true
  },
  "minecraft:recipes/tools/stone_axe": {
    "criteria": {
      "has_cobblestone": "2024-05-15 04:50:22 +0000"
    },
    "done": true
  },
  "storagedrawers:recipes/storagedrawers/jungle_drawers": {
    "criteria": {
      "has_chest": "2024-05-15 04:00:14 +0000"
    },
    "done": true
  },
  "minecraft:recipes/building_blocks/brown_concrete_powder": {
    "criteria": {
      "has_gravel": "2024-05-15 04:44:54 +0000"
    },
    "done": true
  },
  "minecraft:recipes/building_blocks/cracked_stone_bricks": {
    "criteria": {
      "has_stone_bricks": "2024-05-15 04:57:30 +0000"
    },
    "done": true
  },
  "minecraft:recipes/building_blocks/stone_brick_stairs_from_stone_bricks_stonecutting": {
    "criteria": {
      "has_stone_bricks": "2024-05-15 04:57:30 +0000"
    },
    "done": true
  },
  "minecraft:recipes/building_blocks/light_blue_concrete_powder": {
    "criteria": {
      "has_gravel": "2024-05-15 04:44:54 +0000"
    },
    "done": true
  },
  "minecraft:recipes/building_blocks/acacia_slab": {
    "criteria": {
      "has_planks": "2024-05-15 04:00:10 +0000"
    },
    "done": true
  },
  "minecraft:story/enter_the_nether": {
    "criteria": {
      "entered_nether": "2024-05-15 04:46:01 +0000"
    },
    "done": true
  },
  "projecte:transmutation_table": {
    "criteria": {
      "trans_table": "2024-05-15 04:56:33 +0000"
    },
    "done": true
  },
  "minecraft:recipes/combat/arrow": {
    "criteria": {
      "has_flint": "2024-05-15 04:45:44 +0000"
    },
    "done": true
  },
  "minecraft:recipes/redstone/acacia_trapdoor": {
    "criteria": {
      "has_planks": "2024-05-15 04:00:10 +0000"
    },
    "done": true
  },
  "create:recipes/building_blocks/cut_deepslate_slab_from_stone_types_deepslate_stonecutting": {
    "criteria": {
      "has_stone_types_deepslate": "2024-05-15 04:56:25 +0000"
    },
    "done": true
  },
  "minecraft:recipes/decorations/smoker": {
    "criteria": {
      "has_furnace": "2024-05-15 04:55:30 +0000"
    },
    "done": true
  },
  "minecraft:recipes/building_blocks/chiseled_deepslate_from_cobbled_deepslate_stonecutting": {
    "criteria": {
      "has_cobbled_deepslate": "2024-05-15 04:52:53 +0000"
    },
    "done": true
  },
  "minecraft:recipes/building_blocks/chiseled_stone_bricks": {
    "criteria": {
      "has_tag": "2024-05-15 04:57:30 +0000"
    },
    "done": true
  },
  "minecraft:recipes/decorations/cobbled_deepslate_wall_from_cobbled_deepslate_stonecutting": {
    "criteria": {
      "has_cobbled_deepslate": "2024-05-15 04:52:53 +0000"
    },
    "done": true
  },
  "create:recipes/building_blocks/cut_deepslate_wall_from_stone_types_deepslate_stonecutting": {
    "criteria": {
      "has_stone_types_deepslate": "2024-05-15 04:56:25 +0000"
    },
    "done": true
  },
  "minecraft:recipes/building_blocks/oak_stairs": {
    "criteria": {
      "has_planks": "2024-05-15 04:41:04 +0000"
    },
    "done": true
  },
  "minecraft:recipes/building_blocks/white_concrete_powder": {
    "criteria": {
      "has_gravel": "2024-05-15 04:44:54 +0000"
    },
    "done": true
  },
  "projecte:recipes/misc/low_covalence_dust": {
    "criteria": {
      "has_cobble": "2024-05-15 04:50:22 +0000"
    },
    "done": true
  },
  "minecraft:recipes/decorations/oak_fence": {
    "criteria": {
      "has_planks": "2024-05-15 04:41:04 +0000"
    },
    "done": true
  },
  "projecte:recipes/tools/philosophers_stone_alt": {
    "criteria": {
      "has_glowstone": "2024-05-15 04:47:29 +0000"
    },
    "done": true
  },
  "storagedrawers:recipes/storagedrawers/birch_drawers": {
    "criteria": {
      "has_chest": "2024-05-15 04:00:14 +0000"
    },
    "done": true
  },
  "minecraft:recipes/decorations/cobbled_deepslate_wall": {
    "criteria": {
      "has_cobbled_deepslate": "2024-05-15 04:52:53 +0000"
    },
    "done": true
  },
  "minecraft:recipes/decorations/polished_deepslate_wall_from_cobbled_deepslate_stonecutting": {
    "criteria": {
      "has_cobbled_deepslate": "2024-05-15 04:52:53 +0000"
    },
    "done": true
  },
  "minecraft:recipes/redstone/redstone": {
    "criteria": {
      "has_redstone_block": "2024-05-15 04:17:04 +0000"
    },
    "done": true
  },
  "storagedrawers:recipes/storagedrawers/crimson_drawers": {
    "criteria": {
      "has_chest": "2024-05-15 04:00:14 +0000"
    },
    "done": true
  },
  "minecraft:recipes/building_blocks/cobbled_deepslate_stairs_from_cobbled_deepslate_stonecutting": {
    "criteria": {
      "has_cobbled_deepslate": "2024-05-15 04:52:53 +0000"
    },
    "done": true
  },
  "projecte:recipes/misc/conversions/iron_ingot_to_gold_ingot": {
    "criteria": {
      "has_iron_ingot": "2024-05-15 04:57:31 +0000"
    },
    "done": true
  },
  "minecraft:recipes/building_blocks/deepslate": {
    "criteria": {
      "has_cobbled_deepslate": "2024-05-15 04:52:53 +0000"
    },
    "done": true
  },
  "minecraft:recipes/misc/paper": {
    "criteria": {
      "has_reeds": "2024-05-15 04:57:33 +0000"
    },
    "done": true
  },
  "minecraft:recipes/decorations/stone_brick_wall_from_stone_bricks_stonecutting": {
    "criteria": {
      "has_stone_bricks": "2024-05-15 04:57:30 +0000"
    },
    "done": true
  },
  "minecraft:recipes/redstone/acacia_fence_gate": {
    "criteria": {
      "has_planks": "2024-05-15 04:00:10 +0000"
    },
    "done": true
  },
  "storagedrawers:recipes/storagedrawers/spruce_drawers": {
    "criteria": {
      "has_chest": "2024-05-15 04:00:14 +0000"
    },
    "done": true
  },
  "minecraft:recipes/redstone/oak_button": {
    "criteria": {
      "has_planks": "2024-05-15 04:41:04 +0000"
    },
    "done": true
  },
  "botania:recipes/decorations/quartz_blaze": {
    "criteria": {
      "has_item": "2024-05-15 04:46:47 +0000"
    },
    "done": true
  },
  "minecraft:recipes/redstone/daylight_detector": {
    "criteria": {
      "has_quartz": "2024-05-15 04:46:47 +0000"
    },
    "done": true
  },
  "minecraft:recipes/combat/diamond_boots": {
    "criteria": {
      "has_diamond": "2024-05-15 04:35:22 +0000"
    },
    "done": true
  },
  "minecraft:recipes/redstone/observer": {
    "criteria": {
      "has_quartz": "2024-05-15 04:46:47 +0000"
    },
    "done": true
  },
  "create:recipes/building_blocks/polished_cut_deepslate_stairs_from_stone_types_deepslate_stonecutting": {
    "criteria": {
      "has_stone_types_deepslate": "2024-05-15 04:56:25 +0000"
    },
    "done": true
  },
  "minecraft:recipes/building_blocks/polished_deepslate_slab_from_cobbled_deepslate_stonecutting": {
    "criteria": {
      "has_cobbled_deepslate": "2024-05-15 04:52:53 +0000"
    },
    "done": true
  },
  "minecraft:recipes/building_blocks/jungle_planks": {
    "criteria": {
      "has_logs": "2024-05-15 04:09:30 +0000"
    },
    "done": true
  },
  "minecraft:recipes/brewing/fermented_spider_eye": {
    "criteria": {
      "has_spider_eye": "2024-05-15 04:10:16 +0000"
    },
    "done": true
  },
  "minecraft:recipes/building_blocks/deepslate_brick_slab_from_cobbled_deepslate_stonecutting": {
    "criteria": {
      "has_cobbled_deepslate": "2024-05-15 04:52:53 +0000"
    },
    "done": true
  },
  "create:recipes/building_blocks/cut_deepslate_brick_stairs_from_stone_types_deepslate_stonecutting": {
    "criteria": {
      "has_stone_types_deepslate": "2024-05-15 04:56:25 +0000"
    },
    "done": true
  },
  "minecraft:recipes/building_blocks/stone_brick_slab_from_stone_bricks_stonecutting": {
    "criteria": {
      "has_stone_bricks": "2024-05-15 04:57:30 +0000"
    },
    "done": true
  },
  "minecraft:nether/root": {
    "criteria": {
      "entered_nether": "2024-05-15 04:46:01 +0000"
    },
    "done": true
  },
  "minecraft:recipes/misc/sugar_from_sugar_cane": {
    "criteria": {
      "has_sugar_cane": "2024-05-15 04:57:33 +0000"
    },
    "done": true
  },
  "minecraft:recipes/tools/wooden_pickaxe": {
    "criteria": {
      "has_stick": "2024-05-15 04:36:23 +0000"
    },
    "done": true
  },
  "minecraft:recipes/building_blocks/cobbled_deepslate_stairs": {
    "criteria": {
      "has_cobbled_deepslate": "2024-05-15 04:52:53 +0000"
    },
    "done": true
  },
  "projecte:recipes/misc/conversions/emerald_to_diamond": {
    "criteria": {
      "has_emerald": "2024-05-15 04:56:51 +0000"
    },
    "done": true
  },
  "minecraft:recipes/redstone/oak_pressure_plate": {
    "criteria": {
      "has_planks": "2024-05-15 04:41:04 +0000"
    },
    "done": true
  },
  "projecte:recipes/misc/conversions/coal_to_charcoal": {
    "criteria": {
      "has_coal": "2024-05-15 04:54:10 +0000"
    },
    "done": true
  },
  "create:recipes/building_blocks/cut_deepslate_brick_slab_from_stone_types_deepslate_stonecutting": {
    "criteria": {
      "has_stone_types_deepslate": "2024-05-15 04:56:25 +0000"
    },
    "done": true
  },
  "minecraft:recipes/transportation/carrot_on_a_stick": {
    "criteria": {
      "has_carrot": "2024-05-15 04:10:21 +0000"
    },
    "done": true
  },
  "sophisticatedbackpacks:recipes/misc/copper_backpack": {
    "criteria": {
      "has_backpack": "2024-05-15 04:00:23 +0000"
    },
    "done": true
  },
  "minecraft:recipes/building_blocks/crimson_hyphae": {
    "criteria": {
      "has_log": "2024-05-15 04:57:20 +0000"
    },
    "done": true
  },
  "minecraft:recipes/building_blocks/yellow_concrete_powder": {
    "criteria": {
      "has_gravel": "2024-05-15 04:44:54 +0000"
    },
    "done": true
  },
  "minecraft:recipes/decorations/acacia_fence": {
    "criteria": {
      "has_planks": "2024-05-15 04:00:10 +0000"
    },
    "done": true
  },
  "create:recipes/building_blocks/polished_cut_deepslate_from_stone_types_deepslate_stonecutting": {
    "criteria": {
      "has_stone_types_deepslate": "2024-05-15 04:56:25 +0000"
    },
    "done": true
  },
  "create:recipes/building_blocks/polished_cut_deepslate_slab_from_stone_types_deepslate_stonecutting": {
    "criteria": {
      "has_stone_types_deepslate": "2024-05-15 04:56:25 +0000"
    },
    "done": true
  },
  "projecte:recipes/decorations/transmutation_table": {
    "criteria": {
      "has_philo_stone": "2024-05-15 04:48:31 +0000"
    },
    "done": true
  },
  "minecraft:recipes/building_blocks/gray_concrete_powder": {
    "criteria": {
      "has_gravel": "2024-05-15 04:44:54 +0000"
    },
    "done": true
  },
  "minecraft:recipes/building_blocks/glowstone": {
    "criteria": {
      "has_glowstone_dust": "2024-05-15 04:47:29 +0000"
    },
    "done": true
  },
  "create:recipes/building_blocks/oak_window": {
    "criteria": {
      "has_ingredient": "2024-05-15 04:41:04 +0000"
    },
    "done": true
  },
  "minecraft:adventure/kill_a_mob": {
    "criteria": {
      "minecraft:zombie_villager": "2024-05-15 03:53:24 +0000"
    },
    "done": true
  },
  "minecraft:recipes/building_blocks/deepslate_bricks_from_cobbled_deepslate_stonecutting": {
    "criteria": {
      "has_cobbled_deepslate": "2024-05-15 04:52:53 +0000"
    },
    "done": true
  },
  "create:recipes/building_blocks/cut_deepslate_bricks_from_stone_types_deepslate_stonecutting": {
    "criteria": {
      "has_stone_types_deepslate": "2024-05-15 04:56:25 +0000"
    },
    "done": true
  },
  "projecte:recipes/misc/conversions/gold_ingot_to_diamond": {
    "criteria": {
      "has_gold_ingot": "2024-05-15 04:54:08 +0000"
    },
    "done": true
  },
  "minecraft:recipes/building_blocks/cobblestone_stairs_from_cobblestone_stonecutting": {
    "criteria": {
      "has_cobblestone": "2024-05-15 04:50:22 +0000"
    },
    "done": true
  },
  "minecraft:recipes/misc/wheat": {
    "criteria": {
      "has_hay_block": "2024-05-15 04:57:32 +0000"
    },
    "done": true
  },
  "minecraft:recipes/building_blocks/deepslate_tiles_from_cobbled_deepslate_stonecutting": {
    "criteria": {
      "has_cobbled_deepslate": "2024-05-15 04:52:53 +0000"
    },
    "done": true
  },
  "minecraft:recipes/tools/stone_hoe": {
    "criteria": {
      "has_cobblestone": "2024-05-15 04:50:22 +0000"
    },
    "done": true
  },
  "create:recipes/building_blocks/layered_deepslate_from_stone_types_deepslate_stonecutting": {
    "criteria": {
      "has_stone_types_deepslate": "2024-05-15 04:56:25 +0000"
    },
    "done": true
  },
  "minecraft:recipes/decorations/anvil": {
    "criteria": {
      "has_iron_block": "2024-05-15 04:22:00 +0000"
    },
    "done": true
  },
  "minecraft:recipes/tools/diamond_axe": {
    "criteria": {
      "has_diamond": "2024-05-15 04:35:22 +0000"
    },
    "done": true
  },
  "projecte:root": {
    "criteria": {
      "philstone_recipe": "2024-05-15 04:48:16 +0000"
    },
    "done": true
  },
  "minecraft:story/root": {
    "criteria": {
      "crafting_table": "2024-05-15 03:59:50 +0000"
    },
    "done": true
  },
  "minecraft:recipes/building_blocks/acacia_planks": {
    "criteria": {
      "has_log": "2024-05-15 03:59:46 +0000"
    },
    "done": true
  },
  "minecraft:recipes/misc/copper_ingot_from_smelting_raw_copper": {
    "criteria": {
      "has_raw_copper": "2024-05-15 04:57:20 +0000"
    },
    "done": true
  },
  "projecte:recipes/decorations/interdiction_torch": {
    "criteria": {
      "has_philo_stone": "2024-05-15 04:48:31 +0000"
    },
    "done": true
  },
  "sophisticatedbackpacks:recipes/misc/iron_backpack": {
    "criteria": {
      "has_backpack": "2024-05-15 04:00:23 +0000"
    },
    "done": true
  },
  "DataVersion": 3465
}